Investuotojai pasiëmë „atostogas“ drebëjimui dël viruso	https://www.vz.lt/rinkos/2020/02/04/investuotojai-pasieme-atostogasdrebejimui-del-viruso
Ekonomistai kapoja prognozes Kinijos ekonomikos augimui	https://www.vz.lt/rinkos/2020/02/04/ekonomistai-kapoja-prognozes-kinijos-ekonomikos-augimui
Þlugusiø paskolø platformø istorija: pasitelktapolicija ir nutekëjæ duomenys	https://www.vz.lt/rinkos/2020/02/04/zlugusiu-paskolu-platformu-istorija-pasitelktapolicija-ir-nutekeje-duomenys
Krematoriumo valdytoja „K2 LT“ pelnà padidino 3,5 karto	https://www.vz.lt/paslaugos/2020/02/04/krematoriumo-valdytoja-k2-lt-pelna-padidino-35-karto
Europinë turto valdymo grupë investavo á „Lords LB“ ir „Modus Group“ parkvieèiø verslà	https://www.vz.lt/rinkos/2020/02/04/europine-turto-valdymo-grupe-investavo-i-lords-lb-ir-modus-group-parkvieciu-versla
„Google“ savininkës pajamos neatitiko prognoziø	https://www.vz.lt/rinkos/2020/02/04/google-savininkes-pajamos-neatitiko-prognoziu
„Worldline Lietuvos“ savininkë perka konkurentà: dar gerokai padidës	https://www.vz.lt/rinkos/2020/02/04/worldline-lietuvos-savininke-perka-konkurenta-dar-gerokai-padides
„Teslos“ akcijø grafikaskyla dar staèiau– per dienà pabrango 20%	https://www.vz.lt/rinkos/2020/02/04/teslos-akciju-grafikaskyla-dar-staciau-per-diena-pabrango-20
Vengrija „superobligacijomis“ vësina ðalies NT rinkà	https://www.vz.lt/rinkos/2020/02/04/vengrija-superobligacijomis-vesina-salies-nt-rinka
Kyðininkavimo skandalas Azijoje: „AirAsia“ akcijos atpigo 11%	https://www.vz.lt/rinkos/2020/02/03/kysininkavimo-skandalas-azijoje-airasia-akcijos-atpigo-11
Kinijoje akcijos pinga 8% dël koronaviruso keliamø baimiø	https://www.vz.lt/rinkos/2020/02/03/kinijoje-akcijos-pinga-8-del-koronaviruso-keliamu-baimiu
Mënesio sandoris: 45 mlrd. Eur vertinamos „Peugeot“ ir „Fiat Chrysler“ jungtuvës	https://www.vz.lt/rinkos/2020/02/02/menesio-sandoris-45-mlrd-eur-vertinamos-peugeot-ir-fiat-chrysler-jungtuves
„Ignitis gamybos“ pajamos traukësi 1,1%	https://www.vz.lt/pramone/energetika/2020/01/31/ignitis-gamybos-pajamos-traukesi-11
Pensijø fondø lëðø „atrakinimas“ skinasi kelià Estijoje	https://www.vz.lt/rinkos/2020/01/27/pensiju-fondulesuatrakinimas-skinasi-kelia-estijoje
Valdþia investavimo á miðkus nenuþudë: kuriami nauji fondai, traukiamos investuotojø lëðos	https://www.vz.lt/rinkos/2020/01/22/valdzia-investavimo-i-miskus-nenuzude-kuriami-nauji-fondai-traukiamos-investuotoju-lesos
ETF fondai: vienas geriausiøpasirinkimø periodiniam investavimui	https://www.vz.lt/rinkos/2020/01/21/etf-fondai-vienas-geriausiupasirinkimu-periodiniam-investavimui
D. Ðulnis: trumpuoju laikotarpiu ið II pakopos valdymo neuþdirbame	https://www.vz.lt/rinkos/2020/01/17/d-sulnis-trumpuoju-laikotarpiu-is-ii-pakopos-valdymo-neuzdirbame
Abejotini „forex“ brokeriai per Lietuvos ámones iðsigrynina investuotojø pinigus	https://www.vz.lt/rinkos/2020/01/20/abejotini-forex-brokeriai-per-lietuvos-imones-issigrynina-investuotoju-pinigus
Gamtiniø dujø rinkos ðiemet – pirkëjo dþiaugsmui	https://www.vz.lt/pramone/energetika/2020/01/15/gamtiniu-duju-rinkos-siemet--pirkejo-dziaugsmui
JK ekonomika netikëtai susitraukë, svaras pastebimai pinga	https://www.vz.lt/rinkos/2020/01/13/jk-ekonomika-netiketai-susitrauke-svaras-pastebimai-pinga
„Èili“ persigalvojo – ámoniø Baltijos ðalyse kol kas nepirks Premium	https://www.vz.lt/paslaugos/2020/02/03/cili-persigalvojo--imoniu-baltijos-salyse-kol-kas-nepirks
Klaipëdos laivø pramonës grupæ perka norvegø „Passer“ Premium	https://www.vz.lt/pramone/2020/01/29/klaipedos-laivu-pramones-grupe-perka-norvegu-passer
Vokieèiøoro bendrovæperkantis LOT dvigubina pajëgumus	https://www.vz.lt/rinkos/2020/01/27/vokieciu-avialinija-perkantis-lot-dvigubinasi-pajegumus
Eurostatas: energijos vartojimo maþëjimas Lietuvoje – vienas didþiausiø ES	https://www.vz.lt/pramone/energetika/2020/02/04/eurostatas-energijos-vartojimo-mazejimas-lietuvoje--vienas-didziausiu-es
Ekspertai dël „Novatek“ dujø dideliø grësmiø kol kas nemato	https://www.vz.lt/pramone/energetika/2020/02/04/ekspertai-del-novatek-duju-dideliu-gresmiu-kol-kas-nemato
„Klaipëdos nafta“ ið ÐIB ruoðiasi skolintis iki 160 mln. eurø	https://www.vz.lt/pramone/energetika/2020/02/04/klaipedos-nafta-is-nib-ruosiasi-skolintis-iki-160-mln-euru
L. Linkevièius pasiûlë Baltarusijai alternatyvà naftai ir dujoms ið Rusijos	https://www.vz.lt/pramone/energetika/2020/02/04/l-linkevicius-pasiule-baltarusijai-alternatyva-naftai-ir-dujoms-is-rusijos
Prancûzijos „Idex“ ásigijo biokuro bendrovæ „Pusbroliai“	https://www.vz.lt/pramone/energetika/2020/02/04/prancuzijos-idex-isigijo-biokuro-bendrove-pusbroliai
Nedidelë „Novatek“ dujødalisnedaro kritinio poveikio saugumui, sako ministras	https://www.vz.lt/verslo-aplinka/2020/02/04/nedidele-novatek-dujudalisnedaro-kritinio-poveikio-saugumui-sako-ministras
Estijoje baldø gamyba tapo nerentabili – perkelia á Lietuvà Premium	https://www.vz.lt/pramone/2020/02/04/estijoje-baldu-gamyba-tapo-nerentabili--perkelia-i-lietuva
Nafta birþose dël koronaviruso toliau pigo	https://www.vz.lt/rinkos/2020/02/04/nafta-birzose-del-koronaviruso-toliau-pigo
Padengusi virð 3 mln. Eur ásipareigojimø „Saurida“ baigë restruktûrizavimà Premium	https://www.vz.lt/pramone/2020/02/04/padengusi-virs-3-mln-eur-isipareigojimu-saurida-baige-restrukturizavima
Dël epidemijos Kinijoje stoja pasauliniøautomobiliø pramonës koncernø gamyklos Premium	https://www.vz.lt/laisvalaikis/automobiliai/2020/02/04/del-epidemijos-kinijoje-stoja-pasauliniuautomobiliu-pramones-koncernu-gamyklos
Tarptautiniø parodø naujokai: Europoje ilgos kalbos, JAV– apþiûri ir uþsako	https://www.vz.lt/smulkusis-verslas/2020/02/04/tarptautiniu-parodu-naujokai-europoje-ilgos-kalbos-jav-apziuri-ir-uzsako
Kiauras GPAIS rëtis: sàþiningi vargsta, ðeðëlis praslysta	https://www.vz.lt/verslo-aplinka/2020/02/04/kiauras-gpais-retis-saziningi-vargsta-seselis-praslystaatlieku-tvarkymas--duomenis-teikia-ne-visi
Dveji metai su GPAIS: naðta verslui në kiek nepalengvëjo	https://www.vz.lt/verslo-aplinka/2020/02/04/dveji-metai-su-gpais-nasta-verslui-ne-kiek-nepalengvejo
Ûkininkus pakvietë á tradiciná– 6-àjá „Farm Poker 2020“ turnyrà	https://www.vz.lt/pramone/2020/02/04/ukininkus-pakviete-i-tradicini-6-aji-farm-poker-2020-turnyra
L. Linkevièius: Minskas turi laikytis rekomendacijø dël Astravo AE	https://www.vz.lt/pramone/energetika/2020/02/03/l-linkevicius-minskas-turi-laikytis-rekomendaciju-del-astravo-ae
Saulës elektrinës gyventojams: deðimtadalis pasitikrino prisijungimo sàlygas	https://www.vz.lt/pramone/energetika/2020/02/03/saules-elektrines-gyventojamsdesimtadalis-pasitikrino-prisijungimo-salygas
„Litgrid“: statomoje elektros linijoje nuvirto atramos	https://www.vz.lt/pramone/energetika/2020/02/03/litgrid-statomoje-elektros-linijoje-nuvirto-atramos
Ruoðiamasi artëjanèiam paukðèiø gripui: „Situacija neramina“	https://www.vz.lt/pramone/2020/02/03/ruosiamasi-artejanciam-pauksciu-gripui-situacija-neramina
„Green Genius“ Baltarusijoje atidarë naujà biodujø jëgainæ, planuoja statyti dar dvi	https://www.vz.lt/pramone/energetika/2020/02/03/green-genius-baltarusijoje-atidare-nauja-bioduju-jegaine-planuoja-statyti-dar-dvi
Naftos paklausa Kinijoje smuko penktadaliu, OPEC ðaukia techninës komisijos posëdá	https://www.vz.lt/pramone/energetika/2020/02/03/naftos-paklausa-kinijoje-smuko-penktadaliu-opec-saukia-technines-komisijos-posedi
Ðiø metø sausis – ðilèiausias istorijoje, teigia meteorologai	https://www.vz.lt/pramone/agroverslas/2020/02/03/siu-metu-sausis--silciausias-istorijoje-teigia-meteorologai
Dël „Lifosos“ ir Muitinës ginèo kreiptasi á ES teismà	https://www.vz.lt/pramone/2020/02/03/del-lifosos-ir-muitines-ginco-kreiptasi-i-es-teisma
Kolektyvines sutartis turinèioms ámonëms – mokesèiø lengvatos	https://www.vz.lt/finansai-apskaita/2020/02/04/kolektyvines-sutartis-turincioms-imonems--mokesciu-lengvatos
Palûkanos krinta jau 700 metø – jûsø santaupø nebereikia	https://www.vz.lt/finansai-apskaita/2020/02/04/palukanos-krinta-jau-700-metu--jusu-santaupu-nebereikia
Koronavirusas, jei plësis, gali virsti „dar neregëta juodàja gulbe“	https://www.vz.lt/finansai-apskaita/2020/02/03/koronavirusas-jei-plesis-gali-virsti-dar-neregeta-juodaja-gulbe
„Revolut“ klientus Vidurio ir Rytø Europoje aptarnaus per Lietuvà	https://www.vz.lt/finansai-apskaita/bankai-draudimas/2020/02/03/revolut-klientus-vidurio-ir-rytu-europoje-aptarnaus-per-lietuva
RC patvirtino naujà juridiniø asmenø registravimo formà	https://www.vz.lt/finansai-apskaita/2020/02/03/rc-patvirtino-nauja-juridiniu-asmenu-registravimo-forma
Norvegija svarsto ávesti turizmo mokestá	https://www.vz.lt/paslaugos/2020/02/03/norvegija-svarsto-ivesti-turizmo-mokesti
VMI iðsiuntë priminimus 2.200 brangaus NT valdytojø susimokëti mokestá	https://www.vz.lt/finansai-apskaita/2020/02/03/vmi-issiunte-priminimus-2200-brangaus-nt-valdytoju-susimoketi-mokesti
Techniniø sutrikimø kamuotas SEBdiegs naujà IT sistemà	https://www.vz.lt/rinkos/2020/02/03/techniniu-sutrikimu-kamuotas-sebdiegs-nauja-it-sistema
Estai kitàmet galës nusiimti pinigus ið pensijø fondø, jei leis prezidentë	https://www.vz.lt/finansai-apskaita/bankai-draudimas/2020/02/03/estai-kitamet-gales-nusiimti-pinigus-is-pensiju-fondu-jei-leis-prezidente
RC skelbia didþiausias sunkumø turinèias bendroves Premium	https://www.vz.lt/finansai-apskaita/2020/02/03/rc-skelbia-didziausias-sunkumu-turincias-bendroves
„Lietuvos geleþinkeliai“ didþiausiø mokesèiø mokëtojø sàraðe be PVM ir akcizø nukarûnavo „Orlen Lietuva“ Premium	https://www.vz.lt/finansai-apskaita/2020/02/01/lietuvos-gelezinkeliai-didziausiu-mokesciu-moketoju-sarase-be-pvm-ir-akcizu-nukarunavo-orlen-lietuva
„Fitch Ratings“ po ðeðeriø metø pertraukos pagerino Lietuvos kredito reitingà	https://www.vz.lt/finansai-apskaita/2020/02/01/fitch-ratings-po-seseriu-metu-pertraukos-pagerino-lietuvos-kredito-reitinga
Centrinës valdþios deficitas pernai – 0,3% BVP	https://www.vz.lt/finansai-apskaita/2020/01/31/centrines-valdzios-deficitas-pernai--03-bvp
Lietuvoje kelis kartus buvo sutrikæs atsiskaitymas SEB banko kortelëmis	https://www.vz.lt/finansai-apskaita/bankai-draudimas/2020/01/31/sutriko-atsiskaitymas-seb-banko-kortelemis
„Danske Bank“ gali iðvengti JAV prievaizdø baudø	https://www.vz.lt/rinkos/2020/01/31/danske-bank-gali-isvengti-jav-prievaizdu-baudu
„Paysera LT“ pelnà didino penktadaliu	https://www.vz.lt/rinkos/2020/01/30/paysera-lt-pelna-didino-penktadaliu
FED nepakeitë palûkanø	https://www.vz.lt/rinkos/akcijos-ir-obligacijos/2020/01/29/fed-nepakeite-palukanu
Apsidraudë gyvybæ ir po 3 dienø mirë: „Avivos“ nenorui mokëti iðmokos paprieðtaravo LB	https://www.vz.lt/rinkos/2020/01/29/apsidraude-gyvybe-ir-po-3-dienu-mire-avivos-nenorui-moketi-ismokos-papriestaravo-lb
SEB pelnà padidino 14%	https://www.vz.lt/rinkos/2020/01/29/seb-pelna-padidino-14
Prokurorai: Ûkio banko turto iððvaistymu átariamas V. Romanovas ir dar 12 asmenø	https://www.vz.lt/finansai-apskaita/bankai-draudimas/2020/01/28/prokurorai-ukio-banko-turto-issvaistymu-itariamas-v-romanovas-ir-dar-12-asmenu
„Swedbank“ pelnas ûgtelëjo 2%	https://www.vz.lt/rinkos/2020/01/28/swedbank-pelnas-ugtelejo-2
SEB rekomenduota atlyginti nuostolius klientui, sukèiams pervedusiam pinigus	https://www.vz.lt/rinkos/2020/01/27/seb-tures-atlyginti-nuostolius-klientui-sukciams-pervedusiam-pinigus
„Monese“ –taip patpotencialus vienaragis	https://www.vz.lt/rinkos/2020/01/25/monese-taip-patpotencialus-vienaragis
Vëluojant rezultatø paskelbimui demokratø balsavimas Ajovoje virto fiasko	https://www.vz.lt/verslo-aplinka/2020/02/04/veluojant-rezultatu-paskelbimui-demokratu-balsavimas-ajovoje-virto-fiasko
G. Nausëda ragina partijastelktis konstruktyviam darbui	https://www.vz.lt/verslo-aplinka/2020/02/04/g-nauseda-ragina-partijastelktis-konstruktyviam-darbui
Liûdnos prognozës Lietuvai: trauksis benelabiausiai	https://www.vz.lt/laisvalaikis/akiraciai/2020/02/04/liudnos-prognozes-lietuvai-trauksis-labiausiai
Minskas þada kviesti tarptautinius ekspertus dël Astravo AE	https://www.vz.lt/verslo-aplinka/2020/02/04/minskas-zada-kviesti-tarptautinius-ekspertus-del-astravo-ae
Rusija Karaliauèiaus srityje kuria naujà divizijà	https://www.vz.lt/verslo-aplinka/2020/02/04/rusija-karaliauciaus-srityje-kuria-nauja-divizija
Paragino Baltarusijos premjerà ágyvendinti rekomendacijas dël Astravo AE	https://www.vz.lt/verslo-aplinka/2020/02/04/paragino-baltarusijos-premjera-igyvendinti-rekomendacijas-del-astravo-ae
Senate iðdëstyti baigiamieji D. Trumpo apkaltos bylosargumentai	https://www.vz.lt/verslo-aplinka/2020/02/04/senate-isdestyti-baigiamieji-d-trumpo-apkaltos-bylosargumentai
Savarankiðkai veikiantis automobilis: kiek pasistûmëjo gamintojai?	https://www.vz.lt/technologijos-mokslas/2020/01/30/savarankiskai-veikiantis-automobilis-kiek-pasistumejo-gamintojai
Praëjusius metus Lietuvos ekonomika baigë aukðta nata. Ko laukti ðiemet?	https://www.vz.lt/verslo-aplinka/2020/01/30/praejusius-metus-lietuvos-ekonomika-baige-auksta-nata-ko-laukti-siemet
Ðvietimo kryþkelë: svarbu nepasukti aklagatvin	https://www.vz.lt/verslo-aplinka/2020/01/30/svietimo-kryzkele-svarbu-nepasukti-aklagatvin
Airija pradëjo tyrimà dël to, kaip „Google“ tvarko naudotojø buvimo vietos duomenis	https://www.vz.lt/technologijos-mokslas/2020/02/04/airija-pradejo-tyrima-del-to-kaip-google-tvarko-naudotoju-buvimo-vietos-duomenis
Karinës þvalgybos vadovas: „Huawei“ dalyvavimaskelia rizikø	https://www.vz.lt/verslo-aplinka/2020/02/04/karines-zvalgybos-vadovas-huawei-dalyvavimaskelia-riziku
Saugumas prieð privatumà: ar kameros Kaune jau perþengia ribà	https://www.vz.lt/technologijos-mokslas/2020/02/04/saugumas-pries-privatuma-ar-kameros-kaune-jau-perzengia-riba
„YouTube“ uþdraus su rinkimais susijusá „sumanipuliuotà“ turiná	https://www.vz.lt/technologijos-mokslas/technologijos/2020/02/03/youtube-uzdraus-su-rinkimais-susijusi-sumanipuliuota-turini
Ministras: vaizdo stebëjimo kameros miestuose gali paþeisti þmoniø privatumà	https://www.vz.lt/technologijos-mokslas/technologijos/2020/02/03/teisingumo-ministras-vaizdo-stebejimo-kameros-miestuose-gali-pazeisti-zmoniu-privatuma
„Google Chrome“ sprendimas blokuoti slapukus: spekuliacijø apie ateitá netrûksta Premium	https://www.vz.lt/rinkodara/2020/02/03/google-chrome-sprendimas-blokuoti-slapukus-spekuliaciju-apie-ateiti-netruksta
P. Masiulis: EK sprendimas dël „Huawei“ – naudingas „Tele2“	https://www.vz.lt/technologijos-mokslas/technologijos/2020/02/03/p-masiulis-ek-sprendimas-del-huawei--naudingas-tele2
„Apple“ pagal telefonø pardavimus aplenkë „Samsung“ Premium	https://www.vz.lt/technologijos-mokslas/2020/02/03/apple-pagal-telefonu-pardavimus-aplenke-samsung
„Tele2“ metus baigë su pliusu: augo pajamos, EBITDA, klientø ir darbuotojø skaièiai	https://www.vz.lt/paslaugos/2020/02/03/tele2-metus-beige-su-pliusu-augo-pajamos-ebitda-klientu-ir-darbuotoju-skaiciai
Bitkoino ðlovës mënuo: per mënesá kaina paðoko29%	https://www.vz.lt/rinkos/2020/02/03/bitkoino-sloves-menuo-per-menesi-29
„Bolt“ pradeda eksperimentus su savavaldþiais	https://www.vz.lt/technologijos-mokslas/2020/02/01/bolt-pradeda-eksperimentus-su-savavaldziais
„Garmin“pristatë naujà iðmanøjá laikrodá golfo gerbëjams	https://www.vz.lt/technologijos-mokslas/2020/02/01/garminpristate-nauja-ismanuji-laikrodi-golfo-gerbejams
Lietuviðkas startuolis sudomino suomius, investavusius á „Wolt“	https://www.vz.lt/smulkusis-verslas/2020/01/31/lietuviskas-startuolis-sudomino-suomius-investavusius-i-wolt
Kova su technologijø milþinëmis: M. Vestager ágavo naujø galiø	https://www.vz.lt/technologijos-mokslas/2020/01/31/kova-su-technologiju-milzinemis-m-vestager-igavo-nauju-galiu
IBM keièia vadovus stiprindama savo strategijà	https://www.vz.lt/technologijos-mokslas/2020/01/31/ibm-keicia-vadovus-stiprindama-savo-strategija
Rekordiniai „Amazon“ pardavimai padarë áspûdá investuotojams	https://www.vz.lt/rinkos/2020/01/31/rekordiniai-amazon-pardavimai-padare-ispudi-investuotojams
EP ragina ávesti universalø telefonø kroviklá, nors iniciatyvai prieðinasi „Apple“	https://www.vz.lt/technologijos-mokslas/2020/01/30/ep-ragina-ivesti-universalu-telefonu-krovikli-nors-iniciatyvai-priesinasi-apple
„Microsoft“ akcijos po rezultatø uþlipo iki naujo rekordo	https://www.vz.lt/rinkos/2020/01/30/microsoft-akcijos-po-rezultatu-uzlipo-iki-naujo-rekordo
Premjero þmona keièia karjeros kryptá – ásidarbino koncerno „Orlen“ ámonëje	https://www.lrt.lt/naujienos/verslas/4/1139703/premjero-zmona-keicia-karjeros-krypti-isidarbino-koncerno-orlen-imoneje
Pastaraisiais metais – per tûkstantá nusiskundimø dël nekokybiðkø elektrotechnikos prekiø	https://www.lrt.lt/naujienos/verslas/4/1139588/pastaraisiais-metais-per-tukstanti-nusiskundimu-del-nekokybisku-elektrotechnikos-prekiu
Vaièiûnas grësmës saugumui dël „Novatek“ nemato, bet Ðvedas paþymi: nepastebimai ðalyje gali atsirasti rusiðkø SGD projektø	https://www.lrt.lt/naujienos/verslas/4/1139541/vaiciunas-gresmes-saugumui-del-novatek-nemato-bet-svedas-pazymi-nepastebimai-salyje-gali-atsirasti-rusisku-sgd-projektu
Grësmiø ðalies ekonomikai sàraðe – Rusija, investicijos á finansø technologijas ir 5G ryðys	https://www.lrt.lt/naujienos/verslas/4/1139303/gresmiu-salies-ekonomikai-sarase-rusija-investicijos-i-finansu-technologijas-ir-5g-rysys
Vaièiûnas: „Novatek“ sukelia spaudimà kainoms, átakos ðalies saugumui kol kas tikrai nëra	https://www.lrt.lt/naujienos/verslas/4/1139538/vaiciunas-novatek-sukelia-spaudima-kainoms-itakos-salies-saugumui-kol-kas-tikrai-nera
Europa dël koronaviruso gali svarstyti JAV stiliaus kelioniø draudimus	https://www.lrt.lt/naujienos/verslas/4/1139707/europa-del-koronaviruso-gali-svarstyti-jav-stiliaus-kelioniu-draudimus
Linkevièius pasiûlë Baltarusijai alternatyvà naftai ir dujoms ið Rusijos	https://www.lrt.lt/naujienos/verslas/4/1139594/linkevicius-pasiule-baltarusijai-alternatyva-naftai-ir-dujoms-is-rusijos
Baltarusijos uþsienio reikalø ministras: niekur negirdëjau, kad Astravo AE bûtø nesaugi	https://www.lrt.lt/naujienos/verslas/4/1139564/baltarusijos-uzsienio-reikalu-ministras-niekur-negirdejau-kad-astravo-ae-butu-nesaugi
Minskas þada kviesti tarptautinius ekspertus dël Astravo AE	https://www.lrt.lt/naujienos/verslas/4/1139523/minskas-zada-kviesti-tarptautinius-ekspertus-del-astravo-ae
Lietuvos banko iðleistoms monetoms – prestiþiniai apdovanojimai Berlyne	https://www.lrt.lt/naujienos/verslas/4/1139492/lietuvos-banko-isleistoms-monetoms-prestiziniai-apdovanojimai-berlyne
Linkevièius paragino Baltarusijos premjerà ágyvendinti rekomendacijas dël Astravo AE	https://www.lrt.lt/naujienos/verslas/4/1139465/linkevicius-paragino-baltarusijos-premjera-igyvendinti-rekomendacijas-del-astravo-ae
Dël paukðèiø gripo nuo antradienio draudþiama lauke laikyti naminius paukðèius	https://www.lrt.lt/naujienos/verslas/4/1139418/del-pauksciu-gripo-nuo-antradienio-draudziama-lauke-laikyti-naminius-paukscius
Biudþetiniø ástaigø automobiliuose bus sumontuota sekimo áranga	https://www.lrt.lt/naujienos/verslas/4/1139021/biudzetiniu-istaigu-automobiliuose-bus-sumontuota-sekimo-iranga
„Wizz Air“ informuoja keliautojus, kurie lankësi Kinijoje – nebus áleidþiami á Izraelá	https://www.lrt.lt/naujienos/verslas/4/1139351/wizz-air-informuoja-keliautojus-kurie-lankesi-kinijoje-nebus-ileidziami-i-izraeli
Daugiau nei 3 mënesiai po gaisro Alytuje: kalnai padangø, nuostoliai ûkininkams ir neaiðki ateitis	https://www.lrt.lt/naujienos/verslas/4/1139160/daugiau-nei-3-menesiai-po-gaisro-alytuje-kalnai-padangu-nuostoliai-ukininkams-ir-neaiski-ateitis
Linkevièius siunèia aiðkià þinutæ – Astravo AE privalo atitikti saugumo standartus	https://www.lrt.lt/naujienos/verslas/4/1139330/linkevicius-siuncia-aiskia-zinute-astravo-ae-privalo-atitikti-saugumo-standartus
Linkevièius pasiruoðæs pateikti siûlymus dël naftos ir dujø gabenimo á Baltarusijà per Lietuvà	https://www.lrt.lt/naujienos/verslas/4/1139316/linkevicius-pasiruoses-pateikti-siulymus-del-naftos-ir-duju-gabenimo-i-baltarusija-per-lietuva
„Revolut“ klientus Vidurio ir Rytø Europoje aptarnaus per Lietuvà	https://www.lrt.lt/naujienos/verslas/4/1139271/revolut-klientus-vidurio-ir-rytu-europoje-aptarnaus-per-lietuva
Visose Baltijos ðalyse brango elektra	https://www.lrt.lt/naujienos/verslas/4/1139243/visose-baltijos-salyse-brango-elektra
Brangaus nekilnojamojo turto valdytojams VMI iðsiuntë priminimus	https://www.lrt.lt/naujienos/verslas/4/1139225/brangaus-nekilnojamojo-turto-valdytojams-vmi-issiunte-priminimus
Nuo antradienio visi naminiai paukðèiai turës bûti laikomi aptvaruose: baiminamasi paukðèiø gripo	https://www.lrt.lt/naujienos/verslas/4/1139220/nuo-antradienio-visi-naminiai-pauksciai-tures-buti-laikomi-aptvaruose-baiminamasi-pauksciu-gripo
Klaipëdos uoste – papildomos priemonës dël galimø koronaviruso atvejø	https://www.lrt.lt/naujienos/verslas/4/1139207/klaipedos-uoste-papildomos-priemones-del-galimu-koronaviruso-atveju
Darbo inspekcija: statybininkams ið Turkijos sumokëtas ne visas atlyginimas, nuslëpë traumas	https://www.lrt.lt/naujienos/verslas/4/1139185/darbo-inspekcija-statybininkams-is-turkijos-sumoketas-ne-visas-atlyginimas-nuslepe-traumas
„Lietuvos geleþinkeliai“ dël ginèo su VPT svarsto kreiptis á Europos Komisijà	https://www.lrt.lt/naujienos/verslas/4/1139125/lietuvos-gelezinkeliai-del-ginco-su-vpt-svarsto-kreiptis-i-europos-komisija
Maèiulis: nëra jokiø þenklø, kad Lietuvoje NT rinka kaista	https://www.lrt.lt/naujienos/verslas/4/1139144/maciulis-nera-jokiu-zenklu-kad-lietuvoje-nt-rinka-kaista
Bottled water manufacturers are predicting the withdrawal from the market of bottled water	https://www.err.ee/1031485/pudelivee-tootjad-ennustavad-pudelivee-turult-taandumist
Enterprise Estonia signed the Hamburg Center for Artificial Intelligence Cooperation	https://www.err.ee/1031480/enterprise-estonia-solmis-hamburgi-tehisintellekti-keskusega-koostoolepingu
The gas station chain manager estimates the cost of fuel could fall even further	https://www.err.ee/1031366/tanklaketi-juhi-hinnangul-voib-kutusehind-veelgi-langeda
Riigikogu Foreign Affairs Committee visited the area to get acquainted with the Dubai EXPO	https://www.err.ee/1031470/riigikogu-valiskomisjon-kais-dubai-expo-alaga-tutvumas
Aivar Wolf Hill: Take the first investment ties against second pillar	https://www.err.ee/1031395/aivar-hundimagi-votke-esimesed-investeerimisvitsad-vastu-ii-sambata
Compulsory Dividend requirement is once again on the move in quietly	https://www.err.ee/1031383/sunddividendide-noue-on-taas-vaikselt-pead-tostmas
Building of the panic updating the register data received through the change of the number	https://www.err.ee/1031073/ehitisregistris-andmete-uuendamise-paanika-sai-aastanumbri-vahetumisega-labi
Renaissance building through the registry allows the look to the future	https://www.err.ee/1031099/renessanssi-labiv-ehitisregister-voimaldab-tulevikku-vaadata
Strife õliühingus: Alexela pairing is not supported by excise taxes on fuel emissions	https://www.err.ee/1031314/tuli-oliuhingus-alexela-ei-toeta-kutuseaktsiiside-sidumist-heitmetega
ATKO can be lit on fire because of a school bus queue because liiniveolepingust miss	https://www.err.ee/1031150/atko-voib-polema-suttinud-koolibussi-tottu-jarjekordsest-liiniveolepingust-ilma-jaada
Ravimiäri one of the peaks still hopes pharmacy reform reversal	https://www.err.ee/1031172/ravimiari-uks-tippe-loodab-ikka-veel-apteegireformi-tagasipooramisele
Sakala 14 Tallinn decided to support the valuable building demolition	https://kultuur.err.ee/1031088/tallinn-otsustas-toetada-sakala-14-asuva-vaartusliku-hoone-lammutamist
Oil prices on world markets fell again under the influence of the virus	https://www.err.ee/1031235/nafta-hind-maailmaturul-kukkus-viiruse-mojul-veel
Small euro coins may disappear from circulation	https://www.err.ee/1031093/vaikesed-euromundid-voivad-kaibelt-kaduda
Warm winters have brought savings to users of central heating and electricity consumers	https://www.err.ee/1031090/soe-talv-on-toonud-saastu-keskkutte-kasutajatele-ja-elektritarbijatele
Saaremaa coast planned hiigeltuulepark can become a reality	https://www.err.ee/1031057/saaremaa-rannikule-plaanitud-hiigeltuulepark-voib-reaalsuseks-saada
SEB analyst: coronavirus in the world economy will not affect	https://www.err.ee/1031019/seb-analuutik-koroonaviirus-maailmamajandust-ei-mojuta
Social Reform Commission of the pharmacy back-handed the draft is not in a hurry	https://www.err.ee/1030992/sotsiaalkomisjon-apteegireformi-tagasi-poorava-eelnouga-ei-kiirusta
Latvia's ports and railways are facing major changes	https://www.err.ee/1030942/lati-sadamates-ja-raudteel-seisavad-ees-suured-muudatused
Handymann store chain will continue to be in operation	https://www.err.ee/1030915/handymanni-kauplustekett-jatkab-eestis-siiski-tegevust
One third of Estonian consumers acknowledges receipt cheat	https://www.err.ee/1030640/kolmandik-eesti-tarbijatest-tunnistab-pettasaamist
Brexit knocks EU budget of 12 billion hole	https://www.err.ee/1030477/brexit-loob-el-i-eelarvesse-12-miljardi-suuruse-augu
Kõlvart: Analysis of urban management agencies	https://www.err.ee/1030460/kolvart-analuusime-linnaasutuste-juhtimist
Swedbank Internet bank reluctant pension pillars displaying information	https://www.err.ee/1030338/swedbanki-internetipank-torkus-pensionisammaste-info-naitamisel
Postimees Group's responsibilities were divided among the members of the Board around	https://www.err.ee/1030302/postimees-grupi-vastutusalad-jagati-juhatuse-liikmete-vahel-umber
Swedbank lowers the second and third pillar pension management fees	https://www.err.ee/1030265/swedbank-alandab-pensioni-teise-ja-kolmanda-samba-valitsemistasusid
Estonia's industrial production fell by two percent last year	https://www.err.ee/1030200/eesti-toostusettevotete-toodang-vahenes-mullu-kaks-protsenti
People use the 1702 novel business account	https://www.err.ee/1030189/inimesed-kasutavad-1702-uudset-ettevotluskontot
The apartment market is waiting for a jolt	https://majandus24.postimees.ee/6889484/korteriturgu-ootab-raputus
Estonian startup comes with a million dollars	https://tehnika.postimees.ee/6889478/eesti-startup-kaasas-miljon-dollarit
State-owned company Eesti Energia created Volts	https://tarbija24.postimees.ee/6889477/riigifirma-eesti-energia-loi-volti
Pension funds injected into Estonia EUR 630 million	https://majandus24.postimees.ee/6889179/pensionifondid-sustisid-eestisse-630-miljonit-eurot
Lithuanians rõkkavad as Estonian furniture industry over the net	https://majandus24.postimees.ee/6889319/leedukad-rokkavad-sest-loid-eesti-mooblitoostuse-ule
The second pension pillar to decide the fate of the now President	https://www.postimees.ee/6889212/pensioni-teise-samba-saatus-on-nuud-presidendi-otsustada
Confusion over time in the market of fuel station chains tulle	https://majandus24.postimees.ee/6889227/segadus-kutuseturul-ajas-tanklaketid-tulli
Dubai EXPO Estonian cafés fell through procurement	https://tehnika.postimees.ee/6889240/dubai-expo-eesti-kohviku-hange-kukkus-labi
The Finnish research study: Merecedeseid no driver only s..apead	https://tehnika.postimees.ee/6889187/soomlaste-teadusuuring-merecedeseid-ei-juhi-vaid-s-apead
Toyota calls because of hazardous air bag in back thousands of cars	https://majandus24.postimees.ee/6889064/toyota-kutsub-ohtlike-turvapatjade-tottu-eestis-tagasi-tuhandeid-autosid
Estonians MyFitness haukas major sports chain in Lithuania	https://majandus24.postimees.ee/6889101/eestlaste-myfitness-haukas-leedus-suure-spordiketi
Confusion at the grocery store: A lot of it is ultimately cheaper?	https://tarbija24.postimees.ee/6888514/segadus-toidupoes-palju-siis-lopuks-odavam-on
The coronavirus reached the web	https://tehnika.postimees.ee/6888974/koroonaviirus-joudis-veebi
Jaak Nicholas: tourists dancing Kaerajaan likewise does not bring prosperity in the yard	https://majandus24.postimees.ee/6888946/jaak-nigul-turistidele-kaerajaani-tantsimine-ei-too-joukust-ouele
Why hang on the Port of Tallinn, newly renovated terminal D of buckets in the ceiling?	https://majandus24.postimees.ee/6888897/miks-ripuvad-tallinna-sadama-vastremonditud-d-terminali-laes-ambrid
Corruption Commission: Heiki Kranichit threatens bankruptcy	https://majandus24.postimees.ee/6888862/korruptsioonikomisjon-heiki-kranichit-ahvardab-pankrot
Tax office pushing against landlords: tens of millions a year remains outstanding	https://leht.postimees.ee/6888707/maksuamet-nugib-uurileandjaid-aastas-jaab-laekumata-kumneid-miljoneid
E-resident company is planning an ambitious sci-fi profit stock exchange debut	https://leht.postimees.ee/6888704/e-residendi-ulmelise-kasumiga-firma-plaanib-ambitsioonikat-borsidebuuti
The virus put the oil cartel to act	https://majandus24.postimees.ee/6888652/viirus-pani-naftakartelli-tegutsema
Written off Saaremaa hiigeltuulepark may still become a reality	https://majandus24.postimees.ee/6888464/maha-kantud-saaremaa-hiigeltuulepark-voib-siiski-teoks-saada
Incredible: Estonians actually use these mobile	https://tehnika.postimees.ee/6888467/uskumatu-neid-mobiile-kasutavad-eestlased-tegelikult
Much money gone to seek long-nosed remained Mündipesula	https://majandus24.postimees.ee/6888451/suurt-raha-puudma-lainud-mundipesula-jai-pika-ninaga
Finnish ski aces Estonia mansion is like a black hole	https://majandus24.postimees.ee/6888382/soome-suusaassa-eesti-mois-on-nagu-must-auk
Electricity prices have come down from the vertically	https://majandus24.postimees.ee/6888326/elektri-hind-on-pustloodis-alla-tulnud
Canadian company will use Skeletoni capacitors	https://tehnika.postimees.ee/6888218/kanada-ettevote-hakkab-kasutama-skeletoni-kondensaatoreid
Old School trader: PISA tests have not anything to do with the profession	https://majandus24.postimees.ee/6888177/vanakooli-ettevotja-pisa-testil-pole-elukutsega-mingit-pistmist
Tallinn's former veduridepoos hotel opened container	https://majandus24.postimees.ee/6888130/tallinna-endises-veduridepoos-avati-konteinerhotell
The virus-free way to markets in China decline	https://majandus24.postimees.ee/6888028/viirus-viis-hiina-turud-vabalangusse
Kõpu lighthouse stands 48 kilometers from the new lamp	https://maaelu.postimees.ee/6887968/kopu-tuletorni-uus-latern-paistab-48-kilomeetri-kaugusele
The world's richest appealed to court for defamation	https://majandus24.postimees.ee/6887919/maailma-rikkaim-kaevati-laimu-parast-kohtusse
Farmers are hoping that the winter sky	https://majandus24.postimees.ee/6887767/pollumehed-loodavad-et-tali-jaab-taeva
Madis Müller calls to discuss the inflation target over	https://leht.postimees.ee/6887761/madis-muller-kutsub-arutlema-inflatsiooni-eesmargi-ule
Fuel sellers want to reform the excise	https://leht.postimees.ee/6887760/kutusemuujad-soovivad-aktsiisireformi
Actuator seized the 31 euro after Armin Karu company property	https://majandus24.postimees.ee/6887759/taitur-arestis-31-euro-parast-armin-karu-firma-vara
Brexit are in: so what ordinary people change?	https://leht.postimees.ee/6887675/brexit-on-kaes-mis-sellest-tavainimesele-muutub
Russia's new prime minister belongs to 45 million worth of real estate	https://majandus24.postimees.ee/6887528/venemaa-uuele-peaministrile-kuulub-45-miljoni-vaartuses-kinnisvara
Estonian company is going to sell to Dubai silence	https://majandus24.postimees.ee/6887544/eesti-firma-laheb-dubaisse-vaikust-muuma
Farmers are hoping that the winter sky	https://majandus24.postimees.ee/6887517/pollumehed-loodavad-et-tali-taeva-jaab
Happens also wealthier actuators Armin Karu seized the company's assets	https://majandus24.postimees.ee/6887457/juhtub-ka-joukamatel-taitur-arestis-armin-karu-firma-varad
WhatsApp million phones stopped working	https://tehnika.postimees.ee/6887458/whatsapp-lopetas-miljonites-telefonides-too
Estonia: Omniva says Brexit not to affect movement of parcels this year	https://www.baltictimes.com/estonia__omniva_says_brexit_not_to_affect_movement_of_parcels_this_year/
Paysera LT profits grew 20% in 2019	https://www.baltictimes.com/paysera_lt_profits_grew_20__in_2019/
airBaltic and Tez Tour Latvija announce charter flights to Gran Canaria	https://www.baltictimes.com/airbaltic_and_tez_tour_latvija_announce_charter_flights_to_gran_canaria/
Lithuanian Railways Acquired 100 Ingenico Mobile Payment Terminals from ASHBURN International	https://www.baltictimes.com/lithuanian_railways_acquired_100_ingenico_mobile_payment_terminals_from_ashburn_international/
Marine Digital CEO: “Life never fails to surprise me, in business too!”	https://www.baltictimes.com/marine_digital_ceo___life_never_fails_to_surprise_me__in_business_too__/
Latvian bank MTB rebrands itself 'Industra Bank'	https://www.baltictimes.com/latvian_bank_mtb_rebrands_itself__industra_bank_/
Estonia must recover incompatible aid from agricultural company Tartu Agro	https://www.baltictimes.com/estonia_must_recover_incompatible_aid_from_agricultural_company_tartu_agro/
Estonia: Workland opens co-working centers in Riga, Vilnius with EUR 2 mn	https://www.baltictimes.com/estonia__workland_opens_co-working_centers_in_riga__vilnius_with_eur_2_mn/
Foreign companies pay largest wages in Lithuania	https://www.baltictimes.com/foreign_companies_pay_largest_wages_in_lithuania/
In the era of climate change, Lithuania must become the centre of future energy	https://www.baltictimes.com/in_the_era_of_climate_change__lithuania_must_become_the_centre_of_future_energy/
A new concept of an Italian food shop and café /wine bar in Riga	https://www.baltictimes.com/a_new_concept_of_an_italian_food_shop_and_caf__/wine_bar_in_riga/
With EUR 226 million, Tet has set new export and turnover records	https://www.baltictimes.com/with_eur_226_million__tet_has_set_new_export_and_turnover_records/
Self-funded data behavior analysis startup gets traction	https://www.baltictimes.com/friends__family_and_fools-funded_al_platform_gets_traction/
Peilâns: We plan to develop large-sized wooden construction in Latvia and around Europe	https://www.baltictimes.com/peil_ns__we_plan_to_develop_large-sized_wooden_construction_in_latvia_and_around_europe/
Stops magazine Capital extradition	https://www.db.lv/zinas/partrauc-zurnala-kapitals-izdosanu-494758
Chinese entrepreneurs Olaine district will build a new plywood factory	https://www.db.lv/zinas/kinas-uznemeji-olaines-novada-cels-jaunu-finiera-rupnicu-494755
United Kingdom from 2035 plans to ban the sale of petrol and diesel car	https://www.db.lv/zinas/lielbritanija-plano-no-2035gada-aizliegt-pardot-benzindzineja-un-dizeldzineja-auto-494754
My Fitness acquires the second largest fitness club networks in Lithuania	https://www.db.lv/zinas/my-fitness-iegadajas-otro-lielako-fitnesa-klubu-tiklu-lietuva-494753
PHOTO: The auction will sell one of the largest real estate LU	https://www.db.lv/zinas/foto-izsole-pardos-vienu-no-lielakajiem-lu-nekustamajiem-ipasumiem-494749
Renovated can be doubled down payment	https://www.db.lv/zinas/renovetajiem-var-tikt-dubultota-pirma-iemaksa-494752
Judgment Zolitudes tragedy criminal bench declared after two weeks	https://www.db.lv/zinas/spriedumu-zolitudes-tragedijas-kriminallieta-sola-pasludinat-pec-divam-nedelam-494751
"Cooperation formula - ""Three One"""	https://www.db.lv/zinas/sadarbibas-formula-tris-viena-494748
Latvian-based business service centers are gaining international recognition	https://www.db.lv/zinas/latvija-bazetie-biznesa-pakalpojumu-centri-gust-starptautisku-atzinibu-494750
UPB group's consolidated turnover reached 212 million euros	https://www.db.lv/zinas/upb-grupas-konsolidetais-apgrozijums-sasniedzis-212-miljonus-eiro-494747
Terminated Ltd. Karlo Motors redress process	https://www.db.lv/zinas/izbeigts-sia-karlo-motors-tiesiskas-aizsardzibas-process-494745
Riga Tourism Development office will be led by John Jenzis	https://www.db.lv/zinas/rigas-turisma-attistibas-biroju-vadis-janis-jenzis-494744
MobillyTX developed a new means of payment in Ogre	https://www.db.lv/zinas/mobillytx-izstradajis-jaunu-maksasanas-lidzekli-ogre-494741
airBaltic Cargo of 21% growth	https://www.db.lv/zinas/airbaltic-cargo-sasniedzis-21-izaugsmi-494737
Reduce rules shackles foresters	https://www.db.lv/zinas/mazinas-noteikumu-vazas-mezsaimniekiem-494716
Rozkalns: Tech development in Latvia look different	https://www.db.lv/zinas/rozkalns-tehnologiju-uznemumu-attistibas-veicinasana-latvijai-jamekle-atskirigais-494733
"All as one million to invest in ""sustainability and herbs"""	https://www.db.lv/zinas/visi-ka-viens-miljonu-iegulditu-ilgtspeja-un-zaluma-494731
Buliai laimi: akcijos toliau stiebiasi aukðtyn	https://www.vz.lt/rinkos/2020/02/05/buliai-laimi-akcijos-toliau-stiebiasi-aukstyn
„Telia“ iðleido þaliøjø obligacijø uþ 500 mln. Eur	https://www.vz.lt/rinkos/2020/02/05/telia-isleido-zaliuju-obligaciju-uz-500-mln-eur
Pasaka tæsiasi: „Tesla“ akcijos pakilo dar 13,7%	https://www.vz.lt/rinkos/2020/02/05/pasaka-tesiasi-tesla-akcijos-pakilo-dar-137
Kaip per deðimtmetá pasikeitë Lietuvos bankø veidas	https://www.vz.lt/rinkos/2020/02/05/kaip-per-desimtmeti-pasikeite-lietuvos-banku-veidas
V. Ðapoka dël investicinës sàskaitos modelio tarësi su bankø asociacija	https://www.vz.lt/finansai-apskaita/2020/02/05/v-sapoka-del-investicines-saskaitos-modelio-taresi-su-banku-asociacija
W. Buffettas nebetiki laikraðèiais: parduoda visà verslà	https://www.vz.lt/rinkos/2020/02/03/w-buffettas-nebetiki-laikrasciais-parduoda-visa-versla
Vyriausybë beveik 7 metams pasiskolino uþ 0,064%	https://www.vz.lt/rinkos/2020/02/03/vyriausybe-beveik-7-metams-pasiskolino-uz-0064
Pokyèiai sporto klubø rinkoje: „Gym Plius“ tinklà ásigijo „My Fitness“ Premium	https://www.vz.lt/rinkos/2020/02/03/pokyciai-sporto-klubu-rinkoje-gym-plius-tinkla-isigijo-my-fitness
Ðvelnesnis klimatas pernai pristabdë elektros energijos poreikio augimà	https://www.vz.lt/pramone/energetika/2020/02/05/svelnesnis-klimatas-pernai-pristabde-elektros-energijos-poreikio-augima
S. Skvernelis: „Novatek“ dujø kiekis nekelia grësmës	https://www.vz.lt/pramone/energetika/2020/02/05/s-skvernelis-novatek-duju-kiekis-nekelia-gresmes
Medienai pirkti pirmenybë þadama Lietuvos perdirbëjams	https://www.vz.lt/pramone/2020/02/05/medienai-pirkti-pirmenybe-zadama-lietuvos-perdirbejams
Indijos korporacija ketina Lietuvoje investuoti 98 mln. Eur ir sukurti daugiau nei 500 darbo vietø	https://www.vz.lt/pramone/2020/02/05/indijos-korporacija-ketina-lietuvoje-investuoti-98-mln-eur-ir-sukurti-daugiau-nei-500-darbo-vietu
Auditoriai ragina ES pasitempti skatinant tausø pesticidø naudojimà	https://www.vz.lt/pramone/2020/02/05/auditoriai-ragina-es-pasitempti-skatinant-tausu-pesticidu-naudojima
Kova su klimato kaita turës teigiamà poveiká ðalies ekonomikai	https://www.vz.lt/pramone/energetika/2020/02/05/kova-su-klimato-kaita-tures-teigiama-poveiki-salies-ekonomikai
„Handelsblatt“:JAV gali paskelbti naujø sankcijø dujotiekiui„Nord Stream 2“	https://www.vz.lt/pramone/energetika/2020/02/05/handelsblattjav-gali-paskelbti-nauju-sankciju-dujotiekiuinord-stream-2
„Emas“ keièia pavadinimà á „Orlen Service Lietuva“	https://www.vz.lt/pramone/energetika/2020/02/05/emas-keicia-pavadinima-i-orlen-service-lietuva
„Agrokoncernas“ Izraelyje iðkrovë pirmà koðeriniø lietuviðkø kvieèiø laivà	https://www.vz.lt/pramone/2020/02/05/agrokoncernas-izraelyje-iskrove-pirma-koseriniu-lietuvisku-kvieciu-laiva
Ekonomistai: situacija Kinijoje paveiks dalies ámoniø veiklà	https://www.vz.lt/pramone/2020/02/05/ekonomistai-situacija-kinijoje-paveiks-dalies-imoniu-veikla
Kova su plastiku stumia ið lentynø butelius su vandeniu	https://www.vz.lt/pramone/2020/02/05/kova-su-plastiku-stumia-is-lentynu-butelius-su-vandeniu
Metø laimikiai: Lietuvoje investavo dvi didþiausios JAV kompanijos ið 10-ies	https://www.vz.lt/finansai-apskaita/2020/02/05/metu-laimikiai-lietuvoje-investavo-dvi-didziausios-jav-kompanijos-is-10-ies
Tarða ið „Nordic sugar Këdainiai“ vamzdþio virðija normas, vadovas nuðalintas	https://www.vz.lt/verslo-aplinka/2020/02/05/tarsa-is-nordic-sugar-kedainiai-vamzdzio-virsija-normas-vadovas-nusalintas
Po 30 metø auga nesiblaðkydami: turi uþdirbti ir pardavëjas	https://www.vz.lt/smulkusis-verslas/2020/02/05/po-30-metu-auga-nesiblaskydami-turi-uzdirbti-ir-pardavejas
S. Skvernelio þmona ásidarbino „Orlen Baltics Retail“	https://www.vz.lt/pramone/energetika/2020/02/04/ziniaskldaida-s-skvernelio-zmona-isidarbino-koncerne-orlen
Stambûs investuotojai galës 20 m. nemokëti pelno mokesèio	https://www.vz.lt/finansai-apskaita/2020/02/05/stambus-investuotojai-gales-20-m-nemoketi-pelno-mokescio
„Handelsbanken“ pasitraukë ið Lietuvos	https://www.vz.lt/rinkos/2020/01/30/handelsbankenpasitrauke-is-lietuvos
Paskelbë sàraðà ámoniø, kurios 2020 m. bus tikrinamos dël BDAR	https://www.vz.lt/paslaugos/2020/01/30/paskelbe-sarasa-imoniu-kurios-2020-m-bus-tikrinamos-del-bdar
Prekybos karas su Kinija sumaþino JAV prekybos deficità	https://www.vz.lt/verslo-aplinka/2020/02/05/prekybos-karas-su-kinija-sumazino-jav-prekybos-deficita
G. Nausëdos privaèiø interesø deklaracijoje nebeliko informacijos apie sandorius	https://www.vz.lt/verslo-aplinka/2020/02/05/g-nausedos-privaciu-interesu-deklaracijoje-nebeliko-informacijos-apie-sandorius
Mokslininkai ginkluojasi vakcinomis prieð mirtinà epidemijà	https://www.vz.lt/2020/02/05/mokslininkai-ginkluojasi-vakcinomis-pries-mirtina-epidemija
Lietuvos kariuomenës vadas: NATO batalionui uþtektø ryþto veikti	https://www.vz.lt/verslo-aplinka/2020/02/05/lietuvos-kariuomenes-vadas-nato-batalionui-uztektu-ryzto-veikti
Europos Komisija pasiûlë grieþtesnæ stojimo á Bendrijà tvarkà	https://www.vz.lt/verslo-aplinka/2020/02/05/europos-komisija-pasiule-grieztesne-stojimo-i-bendrija-tvarka
Premjeras giria, opozicija smerkia L. Linkevièiaus vizità Minske	https://www.vz.lt/verslo-aplinka/2020/02/05/premjeras-giria-opozicija-smerkia-l-linkeviciaus-vizita-minske
Teismas deda taðkà D. Bradausko atleidimo byloje	https://www.vz.lt/verslo-aplinka/2020/02/05/teimas-deda-taska-d-bradausko-atleidimo-byloje
Premjerasnemato interesø konflikto dël þmonos darbo „Orlen“	https://www.vz.lt/verslo-aplinka/2020/02/05/premjerasnemato-interesu-konflikto-del-zmonos-darbo-orlen
Ligoniø kasos siûlo þmonëms pasitikrinti, kiek kainavo jø gydymas	https://www.vz.lt/verslo-aplinka/2020/02/05/ligoniu-kasos-siulo-zmonems-pasitikrinti-kiek-kainavo-ju-gydymas
„Brexit“: kas verslo laukia ðiemet?	https://www.vz.lt/verslo-aplinka/2020/02/02/brexit-kas-verslo-laukia-siemet
„Brexit“ – demokratijos triumfas ir pamoka pasyviesiems	https://www.vz.lt/verslo-aplinka/2020/01/31/brexit--demokratijos-triumfas-ir-pamoka-pasyviesiems
„Huawei“ þada „pagamintà Europoje“ 5G mobiløjá ryðá	https://www.vz.lt/technologijos-mokslas/technologijos/2020/02/05/huawei-zada-pagaminta-europoje-5g-mobiluji-rysi
Lietuvos veþëjams dar yra vilèiø – jei mobilumo paketas ir bus priimtas, vëliau jis gali pasikeisti	https://www.lrt.lt/naujienos/verslas/4/1139997/lietuvos-vezejams-dar-yra-vilciu-jei-mobilumo-paketas-ir-bus-priimtas-veliau-jis-gali-pasikeisti
Ásigijo bilietà, bet uþsiregistruoti nepavyko: nors „Wizz Air“ pripaþino klaidà, lietuvis liko gerai papurtæs kiðenes	https://www.lrt.lt/naujienos/verslas/4/1139670/isigijo-bilieta-bet-uzsiregistruoti-nepavyko-nors-wizz-air-pripazino-klaida-lietuvis-liko-gerai-papurtes-kisenes
Vyriausybë pritarë mokestinëms lengvatoms stambioms investicijoms	https://www.lrt.lt/naujienos/verslas/4/1139935/vyriausybe-pritare-mokestinems-lengvatoms-stambioms-investicijoms
„Ryanair“ gavo per nagus dël reklamos, kad bendrovës oro linijos iðmeta maþiausiai terðalø	https://www.lrt.lt/naujienos/verslas/4/1139852/ryanair-gavo-per-nagus-del-reklamos-kad-bendroves-oro-linijos-ismeta-maziausiai-tersalu
Policija perspëja apie dar vienà sukèiø internete klastà – siûlo uþsidirbti parduodant vogtas prekes	https://www.lrt.lt/naujienos/verslas/4/1139817/policija-perspeja-apie-dar-viena-sukciu-internete-klasta-siulo-uzsidirbti-parduodant-vogtas-prekes
PSO praðo 675 mln. doleriø kovai su koronavirusu	https://www.lrt.lt/naujienos/verslas/4/1140073/pso-praso-675-mln-doleriu-kovai-su-koronavirusu
Tyrimai parodë, kad plastiko atliekos Neryje – ið skirtingø ðaltiniø	https://www.lrt.lt/naujienos/verslas/4/1140047/tyrimai-parode-kad-plastiko-atliekos-neryje-is-skirtingu-saltiniu
Virginijus Sinkevièius dël tarðos atvejø planuoja kovà vykti á Klaipëdà	https://www.lrt.lt/naujienos/verslas/4/1139986/virginijus-sinkevicius-del-tarsos-atveju-planuoja-kova-vykti-i-klaipeda
Europarlamentarë Rasa Juknevièienë: VSD teisingai perspëja dël verslo su Rusija	https://www.lrt.lt/naujienos/verslas/4/1139971/europarlamentare-rasa-jukneviciene-vsd-teisingai-perspeja-del-verslo-su-rusija
ECB vadovë Lagarde: koronavirusas á ekonomikà áneðë „naujà neapibrëþtumo sluoksná“	https://www.lrt.lt/naujienos/verslas/4/1139965/ecb-vadove-lagarde-koronavirusas-i-ekonomika-inese-nauja-neapibreztumo-sluoksni
Skvernelis: „Novatek“ dujø kiekis nekelia grësmës, padëjo sumaþinti dujø kainà	https://www.lrt.lt/naujienos/verslas/4/1139963/skvernelis-novatek-duju-kiekis-nekelia-gresmes-padejo-sumazinti-duju-kaina
Dël koronaviruso „Airbus“ uþdarë gamyklà Kinijoje	https://www.lrt.lt/naujienos/verslas/4/1139949/del-koronaviruso-airbus-uzdare-gamykla-kinijoje
Siûlant keisti savivaldybiø ribas, prireiks ne tik gyventojø apklausos, bet ir analizës	https://www.lrt.lt/naujienos/verslas/4/1139929/siulant-keisti-savivaldybiu-ribas-prireiks-ne-tik-gyventoju-apklausos-bet-ir-analizes
Vyriausybë: pirkti medienà pirmiausia galës Lietuvoje dirbantys perdirbëjai	https://www.lrt.lt/naujienos/verslas/4/1139919/vyriausybe-pirkti-mediena-pirmiausia-gales-lietuvoje-dirbantys-perdirbejai
Linkevièius: Baltarusija pradeda konstruktyviau kalbëti apie Astravo AE saugumà	https://www.lrt.lt/naujienos/verslas/4/1139855/linkevicius-baltarusija-pradeda-konstruktyviau-kalbeti-apie-astravo-ae-sauguma
„Vodafone“ dël „Huawei“ ávestø apribojimø 5G srityje patirs 200 mln. eurø nuostoliø	https://www.lrt.lt/naujienos/verslas/4/1139847/vodafone-del-huawei-ivestu-apribojimu-5g-srityje-patirs-200-mln-euru-nuostoliu
Italija milijardais eurø vertina galimus savo turizmo verslo nuostolius dël koronoviruso	https://www.lrt.lt/naujienos/verslas/4/1139842/italija-milijardais-euru-vertina-galimus-savo-turizmo-verslo-nuostolius-del-koronoviruso
Lietuvos laisvosios rinkos institutui gráþta vadovauti Elena Leontjeva	https://www.lrt.lt/naujienos/verslas/4/1139832/lietuvos-laisvosios-rinkos-institutui-grizta-vadovauti-elena-leontjeva
Narkevièius nesutinka su prokurorais dël Lietuvos paðto valdybos – jø sprendimà þada skøsti teismui	https://www.lrt.lt/naujienos/verslas/4/1139773/narkevicius-nesutinka-su-prokurorais-del-lietuvos-pasto-valdybos-ju-sprendima-zada-skusti-teismui
Tarða ið „Nordic sugar Këdainiai“ vamzdþio virðija normas, vadovas nuðalintas	https://www.lrt.lt/naujienos/verslas/4/1139759/tarsa-is-nordic-sugar-kedainiai-vamzdzio-virsija-normas-vadovas-nusalintas
Mauricas: Lietuva bus ið tø valstybiø, kurios maþiausiai nukentës nuo plintanèio koronaviruso	https://www.lrt.lt/naujienos/verslas/4/1139758/mauricas-lietuva-bus-is-tu-valstybiu-kurios-maziausiai-nukentes-nuo-plintancio-koronaviruso
Neliupðienë: didþiausia bëda derantis dël kitos finansinës programos – jos dydis	https://www.lrt.lt/naujienos/verslas/4/1139750/neliupsiene-didziausia-beda-derantis-del-kitos-finansines-programos-jos-dydis
Huawei executive vice president of Europe, we are already 32 5G contract	https://www.err.ee/1031833/huawei-asepresident-meil-on-euroopas-juba-32-5g-lepingut
It was revealed that the contest Entrepreneurial Spirit 2019 winners	https://www.err.ee/1031619/selgusid-konkursi-ettevotlik-vaim-2019-konkursi-voitjad
Hüürusse rises 40,000 Data Server	https://www.err.ee/1031808/huurusse-kerkib-40-000-serveriga-andmekeskus
Tallinn Fish Randa, the new apartment houses erected	https://www.err.ee/1031810/tallinnasse-kalaranda-hakkavad-uued-kortermajad-kerkima
Store Viru Center extended the lease contract	https://www.err.ee/1031771/kaubamaja-pikendas-viru-keskusega-uurilepingut
Additional capital through inclusive Monese expects to reach profitability next year	https://www.err.ee/1031443/lisakapitali-kaasav-monese-loodab-jargmisel-aastal-kasumisse-jouda
Swedbank services are disrupted	https://www.err.ee/1031691/swedbanki-teenused-on-hairitud
Compensation for sick leave from the first day would require an additional 20 million euros	https://www.err.ee/1031393/haiguslehtede-huvitamine-esimesest-paevast-nouaks-20-miljonit-lisaeurot
Oil prices on world markets fell again	https://www.err.ee/1031577/nafta-hinnad-maailmaturul-langesid-veel
Enterprise entered into the Hamburg Center for Artificial Intelligence Cooperation	https://www.err.ee/1031480/eas-solmis-hamburgi-tehisintellekti-keskusega-koostoolepingu
Tens of thousands took a loan from the state for free	https://majandus24.postimees.ee/6890567/kumned-tuhanded-votsid-riigilt-tasuta-laenu
This looks like a newly opened container in Tallinn	https://tarbija24.postimees.ee/6890324/selline-naeb-valja-tallinnas-vastavatud-konteinerhotell
Estonia favor financial penalties us from evil	https://majandus24.postimees.ee/6890316/eesti-trahvid-soosivad-finantskurjameid
Estonian meat producer aspires to more environmentally friendly	https://tarbija24.postimees.ee/6890191/eesti-lihatootja-purgib-keskkonnasobralikumaks
ERR leader: banks wanted us to pay them millions of persons other than the	https://majandus24.postimees.ee/6890233/erri-juht-pangad-tahtsid-et-me-neile-miljonite-eest-peale-maksaks
Swedbank's services are disrupted	https://tarbija24.postimees.ee/6890200/swedbanki-teenused-on-tana-hairitud
Small Loan shall isukamalt rural people	https://tarbija24.postimees.ee/6890139/vaikelaenu-votavad-isukamalt-maainimesed
Police poured Allan Martinson, startups	https://majandus24.postimees.ee/6889950/politsei-puistas-allan-martinsoni-idufirmat
Tesla shares already resembles bitcoin'i and whirlpool shares	https://majandus24.postimees.ee/6889931/tesla-aktsia-meenutab-juba-bitcoin-i-ja-mulliaktsiaid
Stephen King left Facebook	https://tehnika.postimees.ee/6889881/stephen-king-lahkus-facebookist
Estonian and Latvian authorities cast PBK parent offices	https://majandus24.postimees.ee/6889856/eesti-ja-lati-voimud-puistasid-pbk-emafirma-kontoreid
Oil companies have left hundreds of thousands of head of put behind bars	https://majandus24.postimees.ee/6889834/naftafirmast-sadade-tuhandetega-lahkunud-juht-pannakse-trellide-taha
Estonian family company bought the Finns Tamrex	https://majandus24.postimees.ee/6889781/eesti-perefirma-ostis-soomlastelt-tamrexi
The coronavirus struck oil prices feet on the bottom	https://leht.postimees.ee/6889657/koroonaviirus-loi-nafta-hinnal-jalad-alt
Confusion fuel stations on the market in time again, tulle	https://leht.postimees.ee/6889601/segadus-kutuseturul-ajas-tanklad-jalle-tulli
Dead Valmiera Glass Fiber Board Chairman	https://www.db.lv/zinas/miris-valmieras-stikla-skiedras-padomes-priekssedetajs-494786
Auction start price - 2.55 million	https://www.db.lv/zinas/izsoles-sakumcena-255-miljoni-eiro-494782
For close to 50% increased the number of Latvian energy outworkers	https://www.db.lv/zinas/par-gandriz-50-audzis-energijas-majrazotaju-skaits-latvija-494780
Turkmenistan will spend 1.5 billion dollars for the construction of new cities	https://www.db.lv/zinas/turkmenistana-teres-15-miljardus-dolaru-jaunas-pilsetas-buvniecibai-494779
Riga Plaza will collaborate with Tom Grevin	https://www.db.lv/zinas/riga-plaza-sadarbosies-ar-tomu-grevinu-494778
Ikea forced to close shop in the UK	https://www.db.lv/zinas/ikea-spiests-slegt-veikalu-lielbritanija-494775
Hepsor project Strçlnieku street festival celebrated on rafter	https://www.db.lv/zinas/hepsor-projektam-strelnieku-iela-nosvineti-sparu-svetki-494730
Latvian aviation growth rates reached record	https://www.db.lv/zinas/latvijas-aviacijas-izaugsmes-tempi-sasniegusi-rekordus-494771
Rail Baltica station at the airport wants to build 11 applicants	https://www.db.lv/zinas/rail-baltica-staciju-lidosta-velas-buvet-11-pretendenti-494770
Giant! turnover last year increased by about 40%	https://www.db.lv/zinas/milzu-apgrozijums-pern-pieaudzis-par-apmeram-40-494766
PHOTO: Riga Zolitude Gymnasium top Laboratory housing	https://www.db.lv/zinas/foto-rigas-zolitudes-gimnazijai-top-laboratoriju-korpuss-494764
Three years will transform the shopping center Dole	https://www.db.lv/zinas/tris-gadu-laika-parveidos-tirdzniecibas-centru-dole-494763
Or automaker Tesla is 150 billion US dollars worth?	https://www.db.lv/zinas/vai-autorazotajs-tesla-ir-150-miljardus-asv-dolaru-verts-494784
At least the raw invoice	https://www.db.lv/zinas/vismaz-zemaks-izejvielu-rekins-494769
Corporate tax reform assessment is still premature	https://www.db.lv/zinas/pelnas-nodokla-reformas-vertesana-vel-paragra-494777
Payments transformation continues	https://www.db.lv/zinas/maksajumu-joma-transformacija-turpinasies-494760
Stock prices rise, diminishing concerns about the economic impact of coronavirus	https://www.db.lv/zinas/akciju-cenas-aug-mazinoties-bazam-par-koronavirusa-ietekmi-uz-ekonomiku-494767
Germany is running out of a safe to store cash	https://www.db.lv/zinas/vacija-sak-trukt-seifu-kur-glabat-skaidru-naudu-494762
Penalty bank or the state?	https://www.db.lv/zinas/sods-bankai-vai-valstij-494746
Cash Latvian	https://www.db.lv/zinas/skaidra-nauda-latvija-494743
ABLV Bank ready billion disbursement	https://www.db.lv/zinas/ablv-bank-miljards-gatavs-izmaksai-494742
Paysera LT has visited the best year in company history	https://www.db.lv/zinas/paysera-lt-aizvadijusi-labako-gadu-uznemuma-vesture-494738
Latvian economy very new to the lending entry into the banking sector	https://www.db.lv/zinas/latvijas-ekonomikai-loti-palidzetu-jauna-kreditetaja-ienaksana-banku-sektora-494736
US and European stock exchange indices are growing, oil prices fall	https://www.db.lv/zinas/asv-un-eiropas-birzu-indeksi-aug-naftas-cenas-kritas-494734
"Markets are trying to ""inclusive"" virus; can only speculate on the light end of the tunnel"	https://www.db.lv/zinas/tirgi-megina-ierekinat-virusu-var-vien-spekulet-par-gaismu-tunela-gala-494729
PHOTO: Gjensidige Latvia moves to a new office and plans to grow volumes	https://www.db.lv/zinas/foto-gjensidige-latvija-parcelas-uz-jaunu-biroju-un-plano-audzet-apjomus-494724
Bitkoins jumps up, dropping investors panicked about coronavirus	https://www.db.lv/zinas/bitkoins-palecas-investoriem-kritot-panika-par-koronavirusu-494720
January plus - the only forward!	https://www.db.lv/zinas/janvaris-plusos-tad-tikai-uz-prieksu-494704
Elektra launches electric car charging equipment trade	https://www.db.lv/zinas/elektrum-uzsak-elektromobilu-uzlades-iekartu-tirdzniecibu-494717
Increasing public support for wind energy production	https://www.db.lv/zinas/pieaug-iedzivotaju-atbalsts-veja-energijas-iegusanai-494652
2019 State aid canceled 21 oik power plant	https://www.db.lv/zinas/2019-gada-valsts-atbalsts-atcelts-21-oik-elektrostacijai-494549
Electricity producer JSC Residence Energy Trade in favor of Meridian Bank pledged all its assets	https://www.db.lv/zinas/elektroenergijas-razotajs-as-residence-energy-par-labu-meridian-trade-bank-iekilajis-visu-mantu-494452
To 5 March can apply for powerups! Challenge matches	https://www.db.lv/zinas/lidz-5-martam-var-pieteikties-powerup-challenge-sacensibam-494384
Latvenergo is granted a loan of 75 million euros	https://www.db.lv/zinas/latvenergo-sanem-aizdevumu-75-miljonu-eiro-apmera-494366
Trillion euros the way to klimatneitralitâti	https://www.db.lv/zinas/triljons-eiro-celam-uz-klimatneitralitati-494345
Riga Motor energy efficiency story	https://www.db.lv/zinas/rigas-motormuzeja-energoefektivitates-stasts-494305
Conexus 1.4 million rebuilt gas metering station	https://www.db.lv/zinas/conexus-par-14-miljoniem-eiro-parbuvejis-gazes-merisanas-staciju-494289
"The transition to ""green"" energy in manufacturing available to 11.68 million euros"	https://www.db.lv/zinas/parejai-uz-zalo-energiju-apstrades-rupnieciba-pieejami-1168-miljoni-eiro-494230
PHOTO: Putin and Erdoans put into service TurkStream	https://www.db.lv/zinas/foto-putins-un-erdoans-nodod-ekspluatacija-turkstream-494222
Laflora exploring the possibilities of Jelgava district build a wind park	https://www.db.lv/zinas/laflora-peta-iespejas-jelgavas-novada-buvet-veja-parku-494191
Saudi Aramco value since mid-December decreased by 200 billion dollars	https://www.db.lv/zinas/saudi-aramco-vertiba-kops-decembra-vidus-sarukusi-par-200-miljardiem-dolaru-494175
Gazprom owns Conexus share auction could have won any international fund	https://www.db.lv/zinas/gazprom-piederoso-conexus-akciju-izsole-varetu-but-uzvarejis-kads-starptautisks-fonds-494158
There is no single recipe	https://www.db.lv/zinas/nav-vienotas-receptes-494132
Launch of a single natural gas market Latvian, Estonia and Finland	https://www.db.lv/zinas/darbibu-sacis-vienotais-dabasgazes-tirgus-latvija-igaunija-un-somija-494081
Found Gazprom owned Conexus stock buyer, which still does not reveal	https://www.db.lv/zinas/noskaidrots-gazprom-piederoso-conexus-akciju-pircejs-kuru-vel-neatklaj-494077
VIA SMS Group and the twin setting up a new credit brand	https://www.db.lv/zinas/via-sms-group-un-twino-izveido-jaunu-kreditesanas-zimolu-494768
Brands start talking	https://www.db.lv/zinas/zimoli-sak-runat-494719
Startup Day wins Jeff App	https://www.db.lv/zinas/startup-day-uzvar-jeff-app-494714
Gamechanger Audio exhibition in the US obtained the award for Most Innovative Product	https://www.db.lv/zinas/gamechanger-audio-izstade-asv-iegust-balvu-par-inovativako-produktu-494703
Innovation does not occur in isolation	https://www.db.lv/zinas/inovacijas-nerodas-izolacija-494684
The most common startup mistakes	https://www.db.lv/zinas/biezakas-startup-kludas-494681
Encourages facilitate getting support jaunuzòçmumiem	https://www.db.lv/zinas/rosina-atvieglot-atbalsta-sanemsanu-jaunuznemumiem-494623
Mint industry become the European market leader	https://www.db.lv/zinas/mintos-nozare-kluvis-par-eiropas-tirgus-lideri-494614
Riga will visit investors and founders jaunuzòçmumu	https://www.db.lv/zinas/rigu-apciemos-investori-un-jaunuznemumu-dibinataji-494602
Estonian for several million euros sold their businesses Norwegian company Opera	https://www.db.lv/zinas/igaunis-par-vairakiem-miljoniem-eiro-pardevis-savus-uznemumus-norvegijas-kompanijai-opera-494601
Startup Day jaunuzòçmumu contest will take part in three Latvian company	https://www.db.lv/zinas/startup-day-jaunuznemumu-konkursa-piedalisies-tris-latvijas-kompanijas-494528
Exonicus Trauma Simulator SimVentors receives award	https://www.db.lv/zinas/exonicus-trauma-simulator-sanem-simventors-balvu-494503
To 14 February can apply Startup Wise Guys program in Riga	https://www.db.lv/zinas/lidz-14-februarim-var-pieteikties-startup-wise-guys-programmai-riga-494491
Baltic Futsal League starts cooperation with FanApps	https://www.db.lv/zinas/baltic-futsal-league-sak-sadarbibu-ar-fanapps-494475
Latvian Association Jaunuzòçmumu Startin.LV focus talents	https://www.db.lv/zinas/latvijas-jaunuznemumu-asociacijas-startinlv-fokusa-talanti-494435
Latvian for the first time will take place in the defense industry hakatons	https://www.db.lv/zinas/latvija-pirmo-reizi-notiks-aizsardzibas-industrijas-hakatons-494370
Relevant index various trends, markets following the news of coronavirus	https://www.db.lv/zinas/birzu-indeksiem-dazadas-tendences-tirgiem-sekojot-zinam-par-koronavirusu-494694
Buffett dropped his newspaper business	https://www.db.lv/zinas/bafets-nomet-savu-laikrakstu-biznesu-494692
Exchanges indexes mostly rising company profits by reducing concerns about the spread of the virus	https://www.db.lv/zinas/birzu-indeksi-parsvara-kapj-kompaniju-pelnai-mazinot-bazas-par-virusa-izplatisanos-494667
E-sports are cut by traditional buttons	https://www.db.lv/zinas/esports-izgriez-pogas-tradicionalajam-494606
Virus financial market smashes the record Biruma rhythm	https://www.db.lv/zinas/viruss-finansu-tirgus-izsit-no-rekordu-biruma-ritma-494607
ECB official: the next few years a significant rate changes are expected	https://www.db.lv/zinas/ecb-amatpersona-tuvakajos-gados-butiskas-likmju-izmainas-nav-gaidamas-494598
"Goldman promises to put an end to heterosexual ""white"" male era of corporate boards"	https://www.db.lv/zinas/goldman-sola-izbeigt-heteroseksualu-balto-viriesu-eru-uznemumu-valdes-494584
Investment Manager - cows and monkeys	https://www.db.lv/zinas/ieguldijumu-menedzeri-govis-un-merkaki-494565
US stock prices stable, without a WHO global alert	https://www.db.lv/zinas/asv-akciju-cenas-stabilas-who-neizsludinot-globalo-trauksmi-494556
PHOTO: Rewarded Latvian 2019 most successful investors	https://www.db.lv/zinas/foto-apbalvoti-latvijas-2019-gada-sekmigakie-investori-494554
US-China trade truce Europe nocirpðot at least 11 billion	https://www.db.lv/zinas/asvkinas-tirdzniecibas-pamiers-eiropai-nocirpsot-vismaz-11-miljardus-494542
Will explore new ideas for the food industry	https://www.db.lv/zinas/mekles-jaunas-idejas-partikas-nozarei-494722
SPI group loses appeal against ban Stolichnaya sales in the Benelux countries	https://www.db.lv/zinas/spi-grupa-zaude-apelaciju-par-stolichnaya-pardosanas-aizliegumu-beniluksa-valstis-494688
Kurzeme Seeds is working on a new vegetable and flower varieties introduction offer	https://www.db.lv/zinas/kurzemes-seklas-strada-pie-jaunu-darzenu-un-puku-skirnu-ieviesanas-piedavajuma-494686
Latvian farmers' representatives in Brussels meeting with Commissioner Janusz Vojcehovski	https://www.db.lv/zinas/latvijas-lauksaimnieku-parstavji-brisele-tiekas-ar-komisaru-janusu-vojcehovski-494682
Australian fires drives up the price of meat - lamb this time	https://www.db.lv/zinas/australijas-ugunsgreki-dzen-uz-augsu-galas-cenu-soreiz-jera-494674
With cardboard hanger production involved in protecting the environment	https://www.db.lv/zinas/ar-kartona-pakaramo-razosanu-iesaistas-vides-saudzesana-494644
Dairy product exports about has the potential to grow this year	https://www.db.lv/zinas/piena-produktu-eksporta-apmeram-ir-potencials-augt-ari-sogad-494641
PHOTO: stubble top sustainable design furniture	https://www.db.lv/zinas/foto-rugajos-top-ilgtspejigas-dizaina-mebeles-494600
Valmiermuiþa beer this year plans to introduce 10 new beer taste	https://www.db.lv/zinas/valmiermuizas-alus-sogad-plano-ieviest-10-jaunas-alus-garsas-494617
Origin must be shown not only the product, but also its primary ingredient	https://www.db.lv/zinas/izcelsme-janorada-ne-vien-produktam-bet-ari-ta-galvenajai-sastavdalai-494592
Belmast grown turnover and looking at opportunities in the US	https://www.db.lv/zinas/belmast-audze-apgrozijumu-un-skatas-uz-iespejam-asv-494587
Pindstrup Latvia performance improved	https://www.db.lv/zinas/pindstrup-latvia-darbibas-raditaji-uzlabojusies-494569
As the top? Ovi Watch wooden clocks	https://www.db.lv/zinas/ka-top-ovi-watch-koka-pulksteni-494553
White zivîte: Looking for new product markets that are neither easy nor quick process	https://www.db.lv/zinas/balta-zivite-meklejam-jaunus-produkcijas-noieta-tirgus-kas-nav-ne-viegls-ne-atrs-process-494561
Out of soap	https://www.db.lv/zinas/ara-no-ziepem-494302
Grasberg going towards the shop	https://www.db.lv/zinas/grasbergi-dodas-veikalu-virziena-494324
Investuotojai aktyviai kibo á iðmokø medþioklæ Baltijos birþoje	https://www.vz.lt/rinkos/2020/02/06/investuotojai-aktyviai-kibo-i-ismoku-medziokle-baltijos-birzoje
Buvæs bankininkas suka á NT verslà: mato niðà butø nuomoje	https://www.vz.lt/rinkos/2020/02/06/buves-bankininkas-suka-i-nt-versla-mato-nisa-butu-nuomoje
„InMedica“ prisijungë medicinos klinikà Tauragëje	https://www.vz.lt/rinkos/2020/02/06/inmedica-prisijunge-medicinos-klinika-taurageje
Korporatyvinë Amerika nusveria baimes dël koronaviruso	https://www.vz.lt/rinkos/2020/02/06/korporatyvine-amerika-nusveria-baimes-del-koronaviruso
„Ignitis grupæ“ dël IPO konsultuos „Sorainen“	https://www.vz.lt/rinkos/2020/02/06/ignitis-grupe-del-ipo-konsultuos-sorainen
„Fortum“ gali trauktis ið Lietuvos	https://www.vz.lt/rinkos/isigijimai-ir-susijungimai/2020/02/06/fortum-gali-trauktis-is-lietuvos
„Teslos“ akcijos gali ir pigti: nuriedëjo 17%	https://www.vz.lt/rinkos/2020/02/06/teslos-akcijos-gali-ir-pigti-nuriedejo-17
T. Okmanas, vienas „Tesonet“grupës vadovø, ákûrë asmeninæ investicijø bendrovæ	https://www.vz.lt/paslaugos/2020/02/06/t-okmanas-vienas-tesonetgrupes-vadovu-ikure-asmenine-investiciju-bendrove
„Litgrid“ pernai uþdirbo pabrangus elektrai	https://www.vz.lt/pramone/energetika/2020/02/06/litgrid-pernai-uzdirbo-pabrangus-elektrai
„Grigeo Klaipëda“ tarðos byloje – dar trys átariamieji	https://www.vz.lt/pramone/2020/02/06/grigeo-klaipeda-tarsos-byloje--dar-trys-itariamieji
Vëjo jëgainës pernai pasiekë naujà gamybos rekordà	https://www.vz.lt/pramone/energetika/2020/02/06/vejo-jegaines-pernai-pasieke-nauja-gamybos-rekorda
A. Lukaðenka apkaltino Rusijà naftos tiekimo Baltarusijai ásipareigojimø nesilaikymu	https://www.vz.lt/pramone/energetika/2020/02/06/a-lukasenka-apkaltino-rusija-naftos-tiekimo-baltarusijai-isipareigojimu-nesilaikymu
„Granulita“ statys1,3 MW saulës parkà	https://www.vz.lt/pramone/2020/02/06/granulita-statys13-mw-saules-parka
Prezidento patarëjas: S. Skvernelio þmonos ásidarbinimo „Orlen“ nereikëtø aðtrinti	https://www.vz.lt/verslo-aplinka/2020/02/06/prezidento-patarejas-s-skvernelio-zmonos-isidarbinimo-orlen-nereiketu-astrinti
Verslininkui, trims ûkininkams – kaltinimai dël sukèiavimo, apgaulingo apskaitos tvarkymo	https://www.vz.lt/pramone/agroverslas/2020/02/06/verslininkui-trims-ukininkams--kaltinimai-del-sukciavimo-apgaulingo-apskaitos-tvarkymo
„Fortum“ gali trauktis ið Lietuvos Premium	https://www.vz.lt/rinkos/isigijimai-ir-susijungimai/2020/02/06/fortum-gali-trauktis-is-lietuvos
Jeigu „pasaulio fabrikas“ stos, po mënesio bus pradëtos stabdyti ir Lietuvos ámonës Premium	https://www.vz.lt/pramone/2020/02/06/jeigu-pasaulio-fabrikas-stos-po-menesio-bus-pradetos-stabdyti-ir-lietuvos-imones
Epidemijos poveikis logistikai: panikos nëra, bet daugoka neþinios Premium	https://www.vz.lt/transportas-logistika/2020/02/06/epidemijos-poveikis-logistikai-panikos-nera-bet-daugoka-nezinios
Kinijoje uþsikrëtusiøjø koronavirusu skaièius perkopë 28.000	https://www.vz.lt/verslo-aplinka/2020/02/06/kinijoje-uzsikretusiuju-koronavirusu-skaicius-perkope-28000
Slaptieji pirkëjai: draudikø aptarnavimo kokybë suprastëjo	https://www.vz.lt/paslaugos/2020/02/06/slaptieji-pirkejai-draudiku-aptarnavimo-kokybe-suprastejo
Kiek tvirta ekonomikos kraujagysliø sistema?	https://www.vz.lt/finansai-apskaita/bankai-draudimas/2020/02/06/kiek-tvirta-ekonomikos-kraujagysliu-sistema
„Factris LT1“ tapo pelninga, pajamos augo 50%	https://www.vz.lt/rinkos/2020/01/30/factris-lt1-tapo-pelninga-pajamos-augo-50
Lietuvos þvalgybos ataskaita Rusijai „primena ligos istorijà“	https://www.vz.lt/verslo-aplinka/2020/02/06/lietuvos-zvalgybos-ataskaita-rusijaiprimena-ligos-istorija
Koronaviruso panika Vilniuje atðaukta	https://www.vz.lt/verslo-aplinka/2020/02/06/no-title
Kinijos ambasada: atmetame Lietuvos þvalgybos kaltinimus	https://www.vz.lt/verslo-aplinka/2020/02/06/kinijos-ambasada-atmetame-lietuvos-zvalgybos-kaltinimus
Pasaulyje gilëja Kinijos koronaviruso krizë	https://www.vz.lt/verslo-aplinka/2020/02/06/pasaulyje-gileja-kinijos-koronaviruso-krize
ES dar vertins Mobilumo paketo poveiká veþëjø rinkai Premium	https://www.vz.lt/verslo-aplinka/2020/02/06/es-dar-vertins-mobilumo-paketo-poveiki-vezeju-rinkai
Lietuvos muitinë teigia, kad auga kontrabandiniø cigareèiø srautai ið Baltarusijos	https://www.vz.lt/verslo-aplinka/2020/02/06/lietuvos-muitine-teigia-kad-auga-kontrabandiniu-cigareciu-srautai-is-baltarusijos
Po politiniø neramumøVokietijos Tiuringijos þemëje naujasis vyriausybës vadovas atsistatydina	https://www.vz.lt/verslo-aplinka/2020/02/06/vokietijos-tiuringijos-zemeje--politinis-drebejimas
„Top Employer“ sertifikatas: galimybë atsirasti pasauliniame reitinge domina ir Lietuvos ámones	https://www.vz.lt/verslo-valdymas/2020/02/06/top-employer-sertifikatas-galimybe-atsirasti-pasauliniame-reitinge-domina-ir-lietuvos-imones
Kinija imasi ekonomikos gelbëjimo – sumaþins muitus amerikietiðkoms prekëms	https://www.vz.lt/verslo-aplinka/2020/02/06/kinija-imasi-ekonomikos-gelbejimo--sumazins-muitus-amerikietiskoms-prekems
Ant interesø svarstykliø – ràstai	https://www.vz.lt/pramone/2020/02/03/ant-interesu-svarstykliu--rastai
Komercinis daiktø internetas atëjo – tinklai jau veikia	https://www.vz.lt/technologijos-mokslas/2020/02/06/komercinis-daiktu-internetas-atejo--tinklai-jau-veikia
„Hostinger“ imasi interneto svetainiø kûrimo verslo	https://www.vz.lt/paslaugos/2020/02/06/hostinger-imasi-interneto-svetainiu-kurimo-verslo
Rekordiðkai ðilta þiema neleidþia atsikvëpti – sàskaitos uþ ðildymà tuðtina gyventojø kiðenes	https://www.lrt.lt/naujienos/verslas/4/1139892/rekordiskai-silta-ziema-neleidzia-atsikvepti-saskaitos-uz-sildyma-tustina-gyventoju-kisenes
Maþëjanèia ES parama Lietuvai EP atstovas siûlo dþiaugtis: pagulëjote lyg ligoninëje, pagerëjo, todël ið jos iðeinate	https://www.lrt.lt/naujienos/verslas/4/1140236/mazejancia-es-parama-lietuvai-ep-atstovas-siulo-dziaugtis-pagulejote-lyg-ligonineje-pagerejo-todel-is-jos-iseinate
„Grigeo Klaipëda“ byloje didëja galimø kaltininkø sàraðas – pareikðti átarimai dar 3 asmenims	https://www.lrt.lt/naujienos/verslas/4/1140353/grigeo-klaipeda-byloje-dideja-galimu-kaltininku-sarasas-pareiksti-itarimai-dar-3-asmenims
NT ekspertas ávardijo, kur Vilniuje po 10 metø bus ankðta, o kurie rajonai pasmerkti stagnacijai	https://www.lrt.lt/naujienos/verslas/4/1140209/nt-ekspertas-ivardijo-kur-vilniuje-po-10-metu-bus-anksta-o-kurie-rajonai-pasmerkti-stagnacijai
Suomijos „Fortum“ pradëjo svastyti apie verslo Lietuvoje pardavimà	https://www.lrt.lt/naujienos/verslas/4/1140232/suomijos-fortum-pradejo-svastyti-apie-verslo-lietuvoje-pardavima
Deklaravimo kuriozai: esi skolingas – VMI iðieðkos, o kad susigràþintum permokà, teks padirbëti paèiam	https://www.lrt.lt/naujienos/verslas/4/1139276/deklaravimo-kuriozai-esi-skolingas-vmi-isieskos-o-kad-susigrazintum-permoka-teks-padirbeti-paciam
„Utenos ðilumos tinklai“ statys saulës elektrinæ	https://www.lrt.lt/naujienos/verslas/4/1140351/utenos-silumos-tinklai-statys-saules-elektrine
„Klaipëdos nafta“ atnaujins SGD terminalo valdymà	https://www.lrt.lt/naujienos/verslas/4/1140339/klaipedos-nafta-atnaujins-sgd-terminalo-valdyma
Europoje plinta afrikinis kiauliø maras: nustatytas pirmasis þidinys	https://www.lrt.lt/naujienos/verslas/4/1140292/europoje-plinta-afrikinis-kiauliu-maras-nustatytas-pirmasis-zidinys
Stanèikas: priimant ástatymà ið naujo, þiûrësime smulkiø pieno gamintojø interesø	https://www.lrt.lt/naujienos/verslas/4/1140286/stancikas-priimant-istatyma-is-naujo-ziuresime-smulkiu-pieno-gamintoju-interesu
Lietuvos muitinë teigia, kad auga kontrabandiniø cigareèiø srautai ið Baltarusijos	https://www.lrt.lt/naujienos/verslas/4/1140227/lietuvos-muitine-teigia-kad-auga-kontrabandiniu-cigareciu-srautai-is-baltarusijos
Gintautas Maþeika. Naujas vadovas atsivedë „savo“ þmones. Ar visada tai blogai?	https://www.lrt.lt/naujienos/verslas/4/1140211/gintautas-mazeika-naujas-vadovas-atsivede-savo-zmones-ar-visada-tai-blogai
Lietuvos ámonës sumaþino skolà „Sodrai“, taèiau atskiruose sektoriuose pradeda strigti tarpusavio atsiskaitymai	https://www.lrt.lt/naujienos/verslas/4/1140198/lietuvos-imones-sumazino-skola-sodrai-taciau-atskiruose-sektoriuose-pradeda-strigti-tarpusavio-atsiskaitymai
Teismas: Vilniaus valdþia turi sumokëti baudà uþ Profsàjungø rûmø griovimo konkursà	https://www.lrt.lt/naujienos/verslas/4/1140192/teismas-vilniaus-valdzia-turi-sumoketi-bauda-uz-profsajungu-rumu-griovimo-konkursa
Sanatorijos ðiemet kelia kainas	https://www.lrt.lt/naujienos/verslas/4/1140184/sanatorijos-siemet-kelia-kainas
Renewable energy producers grew last year, three times	https://www.err.ee/1032602/taastuvenergia-tootjate-arv-kasvas-mullu-kolm-korda
Aab countries initiative for a new assessment leads to an increase in property tax	https://www.err.ee/1032018/aabi-algatus-maade-uueks-hindamiseks-toob-kaasa-maamaksu-tousu
"The first cooperative insurance company wants their field ""come to"""	https://www.err.ee/1032579/esimene-uhistuline-kindlustusselts-tahab-oma-valdkonnas-tulevat-teha
Analysis: EKRE looking for Parliament's support for the draft	https://www.err.ee/1032155/analuus-ekre-eelnou-otsib-parlamendis-toetust
Lagarde: central banks to combat the economic downturn has fewer steps	https://www.err.ee/1032199/lagarde-keskpankadel-on-majanduslangusega-voitlemiseks-vahem-meetmeid
Amazon decided last year to pay a little tax	https://www.err.ee/1032148/amazon-otsustas-moodunud-aastal-natuke-tulumaksu-maksta
Citybed brings to Estonia still nearly 200 cars	https://www.err.ee/1032147/citybee-toob-eestisse-veel-ligi-200-soiduautot
Latvian Seimas approved a sweetened beverage excise taxes	https://www.err.ee/1032118/lati-seim-kiitis-heaks-magustatud-jookide-aktsiisitousu
Estonia's minimum wage is a relatively small, but it can also be very few	https://www.err.ee/1032105/eesti-alampalk-on-kull-suhteliselt-vaike-aga-seda-saavad-ka-vaga-vahesed
Fortum is considering the sale of businesses in the Baltic	https://www.err.ee/1032064/fortum-kaalub-balti-aride-muuki
China will cut the penalty of that $ 75 billion worth of US goods	https://www.err.ee/1032046/hiina-karbib-karistustolle-75-miljardi-dollari-vaartuses-usa-kaupadele
Clear cutting in the forests of Estonia amplifies climate change for at least the next 60 years	https://novaator.err.ee/1031781/lageraie-eesti-metsades-voimendab-kliimamuutusi-vahemalt-jargmised-60-aastat
Aivar Margus Linnamäe wholesale companies operate as a single company,	https://www.err.ee/1031704/margus-ja-aivar-linnamae-hulgifirmad-tegutsevad-uhe-ettevottena
The world oil prices moved pluses	https://www.err.ee/1032000/maailmaturu-naftahinnad-liikusid-plussi
Garment government: if it is businesslike atmosphere might all begin to pack	https://www.err.ee/1031853/roivas-valitsusele-kui-see-on-see-toine-ohkkond-voiksite-koik-hakata-asju-pakkima
Baltic Exchange features: Latvian industrial company's stock rose nearly 200 processes	https://majandus24.postimees.ee/6893347/balti-borsi-eripara-lati-toostusettevotte-aktsia-tousis-pea-200-protseti
Small Entrepreneur cage ministers: what do the banks arbitrariness?	https://majandus24.postimees.ee/6893502/vaikeettevotja-puuris-ministrit-mida-teha-pankade-omavoliga
Omniva «house arrest» period of not departing from China to any packages	https://majandus24.postimees.ee/6893909/omniva-koduaresti-perioodil-ei-valju-hiinast-uhtegi-pakki
Criminal investigations under Lember was declared the year of rural entrepreneurs	https://majandus24.postimees.ee/6892653/kriminaaluurimise-all-lember-tunnistati-aasta-maaettevotjaks
Warning: tax and customs under the name of spreading scam	https://tarbija24.postimees.ee/6891839/hoiatus-maksu-ja-tolliameti-nime-alt-on-levimas-petuskeem
The state plans to provide large families with money so they can buy a larger car	https://majandus24.postimees.ee/6891099/riik-plaanib-anda-suurperedele-raha-et-nad-saaksid-osta-suurema-auto
Still, the growth trend: in January were sold in the last year compared to the number of new passenger cars	https://tehnika.postimees.ee/6891100/ikka-kasvutrendis-jaanuaris-muudi-eestis-mullusega-vorreldes-rohkem-uusi-soiduautosid
Huawei executive vice president of Estonia could actually feel the threat by the United States	https://tehnika.postimees.ee/6891432/huawei-asepresident-eesti-voiks-tunda-ohtu-hoopis-usa-poolt
Lux Express adds the Tallinn-Tartu route buses	https://tarbija24.postimees.ee/6891022/lux-express-lisab-tallinna-tartu-liinile-busse
Latvia raises the sugar tax	https://majandus24.postimees.ee/6891091/lati-tostab-suhkrumaksu
A large number of Estonian working people doing overtime, although the fear of unemployment is low	https://tarbija24.postimees.ee/6890926/suur-hulk-eesti-tooinimesi-teeb-uletunde-kuigi-tookaotuse-kartus-on-madal
Small-Strait Association wants to make Muhu and Saaremaa causeway between paying	https://majandus24.postimees.ee/6891030/vaikse-vaina-selts-tahab-teha-muhu-ja-saaremaa-vahelise-tammi-tasuliseks
Fortum will consider in addition to Estonia, the Baltic Business Hot sales	https://majandus24.postimees.ee/6890916/fortum-kaalub-lisaks-eestile-ka-baltikumi-soojaaride-muuki
Tourists coming Kuressaare will launch direct flights from Sweden	https://majandus24.postimees.ee/6890946/turistid-tulekul-kuressaare-kaivitab-otselennu-rootsi
Simplification of public procurement made everything much more complicated	https://majandus24.postimees.ee/6890903/riigihangete-lihtsustamine-muutis-koik-hoopis-keerulisemaks
Shopping center construction in Finland Nordeconile brought record sales	https://majandus24.postimees.ee/6890884/kaubanduskeskuse-ehitus-toi-nordeconile-soomes-rekordilise-muugi
LVM estate Kalamata assessed the apartment and carry their disposal comparable prestige	https://majandus24.postimees.ee/6890846/lvm-kinnisvara-kalamaja-korterihindasid-veavad-uhetoalised-ja-prestiiz
A former top manager of agriculture Ahto Vili: at one point had to step aside	https://leht.postimees.ee/6889795/endine-pollumajanduse-tippjuht-ahto-vili-uhel-hetkel-tuli-korvale-astuda
Tesla shares already reminiscent of bubble stocks	https://leht.postimees.ee/6890672/tesla-aktsia-meenutab-juba-mulliaktsiaid
Allan Martinson, police searched through the start-up	https://leht.postimees.ee/6890669/politsei-otsis-allan-martinsoni-idufirma-labi
«Dancing Kaerajaan likewise does not bring prosperity yard»	https://majandus24.postimees.ee/6890666/kaerajaani-tantsimine-ei-too-joukust-ouele
Nonexistent winter weather kidnapped Pärnu World	https://parnu.postimees.ee/6890145/olematu-talveilm-roovis-parnult-maailmameistrivoistlused
Bellingshausen sails to the Arctic	https://saartehaal.postimees.ee/6889539/bellingshausen-seilab-arktikasse
Money saver while globe-trotting the world – TRAVEL UNION	https://www.baltictimes.com/money_saver_while_globe-trotting_the_world___travel_union/
An architect type of person in Baltic logistics – Magnus Lepasalu	https://www.baltictimes.com/an_architect_type_of_person_in_baltic_logistics___magnus_lepasalu/
Estonian PM, president of European Commission talk about Green Deal, digital turnaround	https://www.baltictimes.com/estonian_pm__president_of_european_commission_talk_about_green_deal__digital_turnaround/
Estonian islands increasingly popular among Latvian tourists	https://www.baltictimes.com/estonian_islands_increasingly_popular_among_latvian_tourists/
The Red Jackets established the Latvian Association of Exporters	https://www.db.lv/zinas/the-red-jackets-dibina-latvijas-eksportetaju-asociaciju-494806
PHOTO: China open restaurant staffed by only robots	https://www.db.lv/zinas/foto-kina-atverts-restorans-kura-strada-tikai-roboti-494803
Between Saaremaa and Stockholm during the summer season will be subsidized direct air traffic	https://www.db.lv/zinas/starp-sarema-un-stokholmu-vasaras-sezona-bus-subsideta-tiesa-aviosatiksme-494802
Latvian company develops and launches new design bathroom production	https://www.db.lv/zinas/latvijas-uznemums-izstrada-un-uzsak-jauna-dizaina-vannas-razosanu-494800
Fortum considering Latvian heat supply business sales	https://www.db.lv/zinas/fortum-apsver-latvijas-siltumapgades-biznesa-pardosanu-494799
PHOTO: New Legends office building Heinrich put into operation	https://www.db.lv/zinas/foto-jaunas-teikas-biroju-eka-henrihs-nodota-ekspluatacija-494798
"Invites taxi drivers and car owners to avoid the so-called ""company carousels"""	https://www.db.lv/zinas/aicina-taksistus-un-auto-ipasniekus-izvairities-no-ta-saucamajiem-firmu-karuseliem-494795
Istanbul airport crashed airliner	https://www.db.lv/zinas/stambulas-lidosta-avarejusi-pasazieru-lidmasina-494787
Twitter income jumps billion	https://www.db.lv/zinas/twitter-ienakumi-parlec-miljardam-494804
Cash your place in the business world	https://www.db.lv/zinas/skaidrai-naudai-sava-vieta-biznesa-pasaule-494797
China will reduce customs tariffs on US goods to 75 billion dollars	https://www.db.lv/zinas/kina-samazinas-muitas-tarifus-asv-precem-75-miljardu-dolaru-apmera-494794
PHOTO: Investor favorite Baltic stock exchanges of shares in January	https://www.db.lv/zinas/foto-investoru-iecienitakas-baltijas-birzu-akcijas-janvari-494776
ExpressCredit changes its name	https://www.db.lv/zinas/expresscredit-maina-nosaukumu-494773
Jaunuzòçmumi modern economic engine. What contribution can make a university?	https://www.db.lv/zinas/jaunuznemumi-ir-modernas-ekonomikas-dzinejspeks-kadu-artavu-var-dot-augstskolas-494801
Prieð savaitgalá investuotojai ant rekordø miegoti nebuvo linkæ	https://www.vz.lt/rinkos/2020/02/07/pries-savaitgali-investuotojai-ant-rekordu-miegoti-nebuvo-linke
„Deutsche Bank“ akcijos jau domina investuotojus, bet analitikai dar atsargûs	https://www.vz.lt/rinkos/2020/02/07/deutsche-bank-akcijos-jau-domina-investuotojus-bet-analitikai-dar-atsargus
Sàskaitø kredituotojo pelnas susitraukë 23%: prabilo apie didëjanèià konkurencijà	https://www.vz.lt/rinkos/2020/02/07/saskaitu-kredituotojo-pelnas-susitrauke-23-prabilo-apie-didejancia-konkurencija
Laukia pirkiniai – „INVL Baltic Sea Growth Fund“ po platinimo iðaugo iki 165 mln. Eur	https://www.vz.lt/rinkos/2020/02/07/laukia-pirkiniai--invl-baltic-sea-growth-fund-po-platinimo-isaugo-iki-165-mln-eur
Indëliø turizmas Ukrainoje: lietuvius traukia palûkanomis iki 14%	https://www.vz.lt/rinkos/2020/02/07/indeliu-turizmas-ukrainos-lietuvius-traukia-palukanomis-iki-14
Kas pakeitë mano poþiûrá á „Teslà“	https://www.vz.lt/rinkos/2020/02/07/kas-pakeite-mano-poziuri-i-tesla
S. Skvernelis: Baltijos ðalys artëja prie sprendimo nepirkti elektros ið Astravo	https://www.vz.lt/verslo-aplinka/2020/02/07/s-skvernelis-baltijos-salys-arteja-prie-sprendimo-nepirkti-elektros-is-astravo
Buvusiems „Grigeo Klaipëda“vadovams –dar vienas 1,55 mln. Eur ieðkinys	https://www.vz.lt/pramone/2020/02/07/buvusiems-grigeo-klaipedavadovams-dar-vienas-155-mln-eur-ieskinys
„Amber Grid“ grupës pelnas pernai siekë 14 mln. Eur	https://www.vz.lt/pramone/energetika/2020/02/07/amber-grid-grupes-pelnas-pernai-sieke-14-mln-eur
„Grigeo Klaipëda“ praðo ávertinti þalà gamtai, nes nori jà atlyginti	https://www.vz.lt/pramone/2020/02/07/grigeo-klaipeda-praso-ivertinti-zala-gamtai-nes-nori-ja-atlyginti
Elektrënuose uþ 1,9 mln. Eur bus demontuojami du kaminai	https://www.vz.lt/nekilnojamasis-turtas-statyba/2020/02/07/elektrenuose-uz-19-mln-eur-bus-demontuojami-du-kaminai
Ekologijos banga: „August ir Ko“ projektuoja 4 kartus didesnæ gamyklà Premium	https://www.vz.lt/pramone/2020/02/07/ekologijos-banga-august-ir-ko-projektuoja-4-kartus-didesne-gamykla
„Fiat Chrysler“ dël koronaviruso gali bûti priversta sustabdyti gamyklà Europoje	https://www.vz.lt/laisvalaikis/automobiliai/2020/02/07/fiat-chrysler-del-koronaviruso-gali-buti-priversta-sustabdyti-gamykla-europoje
„Utenos“ darykla pirmoji ðalyje eliminavo CO2 emisijà: suteiktas iðskirtinis statusas	https://www.vz.lt/pramone/2020/02/07/utenos-darykla-pirmoji-salyje-eliminavo-co2-emisija-suteiktas-isskirtinis-statusas
SEB Baltijos ðaliø tarnyba turi naujà vadovà	https://www.vz.lt/verslo-valdymas/is-tarnybos-i/2020/02/07/seb-baltijos-saliu-tarnyba-turi-naujavadova
Estijos prezidentë vetavo antros pakopos pensijø reformos ástatymà	https://www.vz.lt/verslo-aplinka/2020/02/07/estijos-prezidente-vetavo-antros-pakopos-pensiju-reformos-istatyma
Po ðnipinëjimo skandalo atsistatydina „Credit Suisse Group“ vadovas	https://www.vz.lt/verslo-valdymas/2020/02/07/po-snipinejimo-skandalo-atsistatydina-credit-suisse-group-vadovas
E. Leontjeva: „Nesi tikras, koká ástatymà rasi ryte prabudæs. Tai reikia keisti“	https://www.vz.lt/finansai-apskaita/2020/02/07/e-leontjeva-nesi-tikras-koki-istatyma-rasi-ryte-prabudes-tai-reikia-keisti
VMI nubrëþë lengvatos ribas: automobilio tepalø keitimui GPMlengvata netaikoma	https://www.vz.lt/finansai-apskaita/2020/02/07/vmi-nubreze-lengvatos-ribas-automobilio-tepalu-keitimui-gpmlengvata-netaikoma
„Deutsche Bank“ metai vël buvo nuostolingi:penktà kartà ið eilës	https://www.vz.lt/rinkos/2020/01/30/deutsche-bank-metai-vel-buvo-nuostolingipenkta-karta-is-eiles
Arabø ðalys perstumdo prioritetus – græþiasi á Izraelá ir JAV	https://www.vz.lt/verslo-aplinka/2020/02/07/arabu-salys-perstumdo-prioritetus--greziasi-i-izraeli-ir-jav
V. Putinas priëmë Baltarusijos lyderá deryboms	https://www.vz.lt/verslo-aplinka/2020/02/07/v-putinas-prieme-baltarusijos-lyderi-deryboms
Kinijos telefonø gamintojai susibûrë á aljansà, meta iððûká „Google Play“	https://www.vz.lt/paslaugos/2020/02/07/kinijos-telefonu-gamintojai-susibure-i-aljansa-meta-issuki-google-play
Prezidentas dar pasvarstys, ar skirti L. Savickà naujuoju ekonomikos ministru	https://www.vz.lt/verslo-aplinka/2020/02/07/prezidentas-dar-pasvarstys-ar-skirti-l-savicka-naujuoju-ekonomikos-ministru
Galutiniai rezultatai: P. Buttigiegas ir B. Sandersas Ajovoje gavo beveik vienodai balsø	https://www.vz.lt/verslo-aplinka/2020/02/07/galutiniai-rezultatai-p-buttigiegas-ir-b-sandersas-ajovoje-gavo-beveik-vienodai-balsu
G. Nausëda susitiks su kandidatu á ekonomikos ministrus L. Savicku	https://www.vz.lt/verslo-aplinka/2020/02/07/g-nauseda-susitiks-su-kandidatu-i-ekonomikos-ministrus-l-savicku
Kinijoje mirèiø nuo koronaviruso skaièius perkopë 630, serganèiøjø – 31.000	https://www.vz.lt/verslo-aplinka/2020/02/07/kinijoje-mirciu-nuo-koronaviruso-skaicius-perkope-630-serganciuju--31000
E. Leontjeva: „Nesi tikras, koká ástatymà rasi ryte prabudæs. Tai reikia keisti“ Premium	https://www.vz.lt/finansai-apskaita/2020/02/07/e-leontjeva-nesi-tikras-koki-istatyma-rasi-ryte-prabudes-tai-reikia-keisti
Gal Aplinkos ministerijoje dirba kenkëjai?	https://www.vz.lt/paslaugos/2020/02/05/gal-aplinkos-ministerijoje-dirba-kenkejai
Ant politinës prarajos kraðto	https://www.vz.lt/verslo-aplinka/2020/02/04/ant-politines-prarajos-krasto
Kaunieèiai kûrë valymo paslaugø ámonæ, bet tapo startuoliu	https://www.vz.lt/smulkusis-verslas/2020/02/07/kaunieciai-kure-valymo-paslaugu-imone-bet-tapo-startuoliu
Koronavirusas kirto Lietuvos aviacijos industrijai – skrydþiø virð Lietuvos sumaþëjo kone dvigubai	https://www.lrt.lt/naujienos/verslas/4/1140543/koronavirusas-kirto-lietuvos-aviacijos-industrijai-skrydziu-virs-lietuvos-sumazejo-kone-dvigubai
VMI pasimokë ið karèios patirties – deklaravimo laikotarpiui priims naujø darbuotojø	https://www.lrt.lt/naujienos/verslas/4/1140582/vmi-pasimoke-is-karcios-patirties-deklaravimo-laikotarpiui-priims-nauju-darbuotoju
Lietuva ir kitos ðalys þada skøsti veþëjø veiklos grieþtinimà ES teismui	https://www.lrt.lt/naujienos/verslas/4/1140518/lietuva-ir-kitos-salys-zada-skusti-vezeju-veiklos-grieztinima-es-teismui
Dël Kinijos gamybos problemø gali pritrûkti prekiø Lietuvoje	https://www.lrt.lt/naujienos/verslas/4/1140526/del-kinijos-gamybos-problemu-gali-pritrukti-prekiu-lietuvoje
Uþdrausta tiekti rinkai ðaldytà viðtienos filë ið Vengrijos – rasta salmoneliø	https://www.lrt.lt/naujienos/verslas/4/1140520/uzdrausta-tiekti-rinkai-saldyta-vistienos-file-is-vengrijos-rasta-salmoneliu
„Maximoje“ ið prekybos iðimama visa ðvieþia mësa ir jos pusgaminiai: átariama tarða salmonelëmis	https://www.lrt.lt/naujienos/verslas/4/1140789/maximoje-is-prekybos-isimama-visa-sviezia-mesa-ir-jos-pusgaminiai-itariama-tarsa-salmonelemis
„Grigeo Klaipëdos“ vadovas Eikinas patvirtina – jam pareikðti átarimai	https://www.lrt.lt/naujienos/verslas/4/1140787/grigeo-klaipedos-vadovas-eikinas-patvirtina-jam-pareiksti-itarimai
Skvernelio þinia ið Talino: Baltijos ðalys artëja prie susitarimo nepirkti Astravo AE elektros	https://www.lrt.lt/naujienos/verslas/4/1140710/skvernelio-zinia-is-talino-baltijos-salys-arteja-prie-susitarimo-nepirkti-astravo-ae-elektros
ÞÛM praneða – didëja susietosios paramos iðmokos gyvuliø augintojams	https://www.lrt.lt/naujienos/verslas/4/1140674/zum-pranesa-dideja-susietosios-paramos-ismokos-gyvuliu-augintojams
Vilniaus ðilumos tinklai uþ beveik 2,4 mln. eurø pardavë pastatø kompleksà	https://www.lrt.lt/naujienos/verslas/4/1140648/vilniaus-silumos-tinklai-uz-beveik-2-4-mln-euru-pardave-pastatu-kompleksa
Pradedant veikti ðiukðliø deginimo jëgainëms, nerimas dël pavojingø iðmetimø	https://www.lrt.lt/naujienos/verslas/4/1140632/pradedant-veikti-siuksliu-deginimo-jegainems-nerimas-del-pavojingu-ismetimu
Inga Ruginienë. Du faktai – vienas komentaras	https://www.lrt.lt/naujienos/verslas/4/1140623/inga-ruginiene-du-faktai-vienas-komentaras
Kubilius ragina Lietuvos valdþià grieþèiau pasisakyti uþ didesná ES biudþetà	https://www.lrt.lt/naujienos/verslas/4/1140606/kubilius-ragina-lietuvos-valdzia-griezciau-pasisakyti-uz-didesni-es-biudzeta
Suomija pasiryþo: tëèius privers daþniau eiti vaiko prieþiûros atostogø	https://www.lrt.lt/naujienos/verslas/4/1140545/suomija-pasiryzo-tecius-privers-dazniau-eiti-vaiko-prieziuros-atostogu
Agnë Jonaitytë-Karalienë. Kas bendro tarp „Lego“ konstruktoriaus ir darbuotojø poreikiø?	https://www.lrt.lt/naujienos/verslas/4/1140506/agne-jonaityte-karaliene-kas-bendro-tarp-lego-konstruktoriaus-ir-darbuotoju-poreikiu
Cedar, pension reform, the essence remains, however, minor changes are possible	https://www.err.ee/1032911/seeder-pensionireformi-pohiolemus-jaab-aga-pisimuudatused-on-voimalikud
Credit Suisse chief steps back due nuhkimisskandaali	https://www.err.ee/1032791/credit-suisse-i-juht-astub-nuhkimisskandaali-tottu-tagasi
Direct 14.30 Baltic prime ministers of joint infrastructure projects	https://www.err.ee/1032855/otse-kell-14-30-balti-peaministrid-uhistest-taristuprojektidest
Rocking Linnamäe threat: of course, each operator may file a lawsuit	https://www.err.ee/1032814/kiik-linnamae-ahvardusest-loomulikult-voib-iga-ettevotja-kohtusse-poorduda
Pärnits: warm winter kept prices back	https://www.err.ee/1032758/parnits-soe-talv-hoidis-hinnatousu-tagasi
Consumer prices rose by 1.6 percent in January	https://www.err.ee/1032723/tarbijahinnad-tousid-jaanuaris-aastaga-1-6-protsenti
Paavo Heil: whether the employee is ill or the extra cost of the entire staff extra income?	https://www.err.ee/1032738/paavo-heil-kas-haige-tootaja-on-lisakulu-voi-on-terve-tootaja-lisatulu
Baltic prime ministers in Tallinn to discuss infrastructure projects and the EU budget	https://www.err.ee/1032715/balti-peaministrid-arutavad-tallinnas-taristuprojekte-ja-el-i-eelarvet
Barr: US, allies should buy a Nokia or Ericsson Control Package	https://www.err.ee/1032709/barr-usa-liitlased-peaksid-ostma-nokia-voi-ericssoni-kontrollpaketi
US major stock indexes rose for the fourth day in a row	https://www.err.ee/1032707/usa-tahtsamad-aktsiaindeksid-kerkisid-neljandat-paeva-jarjest
Foreign Investors Invite to Approach Rail Baltica Project as a Catalyst for Development of Riga	https://www.baltictimes.com/foreign_investors_invite_to_approach_rail_baltica_project_as_a_catalyst_for_development_of_riga/
