Eesti ja Rootsi vahel hakkab seilama uus laev	https://majandus24.postimees.ee/6870874/eesti-ja-rootsi-vahel-hakkab-seilama-uus-laev
Karm: kütused maksaksid 2012. aasta naftahindade korral 1,7 euro ligi	https://majandus24.postimees.ee/6870826/karm-kutused-maksaksid-2012-aasta-naftahindade-korral-1-7-euro-ligi
Eften ostab airBalticu peahoone Riia lennujaamas	https://majandus24.postimees.ee/6870813/eften-ostab-airbalticu-peahoone-riia-lennujaamas
Pühadeaegne Vene turistidessant oli rekordiline	https://majandus24.postimees.ee/6870811/puhadeaegne-vene-turistidessant-oli-rekordiline
Riik maksab EXPO ettevõtetele kahe käega	https://tehnika.postimees.ee/6870676/riik-maksab-expo-ettevotetele-kahe-kaega
Kütusemüüjad: Helme aktsiisiplaanil on piiratud mõju	https://leht.postimees.ee/6870670/kutusemuujad-helme-aktsiisiplaanil-on-piiratud-moju
Ehitusplatsidel lüüakse töökaardiga õhk puhtaks	https://leht.postimees.ee/6870667/ehitusplatsidel-luuakse-tookaardiga-ohk-puhtaks
Massilise sisserände tõkestamise seadus läheb lugemisele	https://majandus24.postimees.ee/6870630/massilise-sisserande-tokestamise-seadus-laheb-lugemisele
Üks Briti vanemaid kaubamajasid võib kokku kukkuda	https://majandus24.postimees.ee/6870514/uks-briti-vanemaid-kaubamajasid-voib-kokku-kukkuda
Maailma suurim naftatootja kogus IPO-ga rekordilise summa	https://majandus24.postimees.ee/6870504/maailma-suurim-naftatootja-kogus-ipo-ga-rekordilise-summa
Tallinna Sadam tegi kruiisireisijate rekordi	https://majandus24.postimees.ee/6870438/tallinna-sadam-tegi-kruiisireisijate-rekordi
Vene miljardär nõuab kohtu kaudu neljalt pangalt maksete tegemist	https://majandus24.postimees.ee/6870406/vene-miljardar-nouab-kohtu-kaudu-neljalt-pangalt-maksete-tegemist
Prantsusmaa pensionireformi streigil ei paista lõppu	https://majandus24.postimees.ee/6870321/prantsusmaa-pensionireformi-streigil-ei-paista-loppu
Kiiev maksab lennuõnnetuse ohvrite peredele hüvitist	https://majandus24.postimees.ee/6870317/kiiev-maksab-lennuonnetuse-ohvrite-peredele-huvitist
Putin: Nord Stream 2 saab valmis järgmise aasta algul	https://majandus24.postimees.ee/6870202/putin-nord-stream-2-saab-valmis-jargmise-aasta-algul
Läänemets: tuulemehed võiksid radarid osaliselt kinni maksta	https://majandus24.postimees.ee/6870143/laanemets-tuulemehed-voiksid-radarid-osaliselt-kinni-maksta
Anomaalia: rootslaste lennuhäbi kogub hoogu	https://majandus24.postimees.ee/6870049/anomaalia-rootslaste-lennuhabi-kogub-hoogu
Viis ärimeest annetasid erakondadele üle 100 000 euro	https://majandus24.postimees.ee/6870036/viis-arimeest-annetasid-erakondadele-ule-100-000-euro
Inspektsioon: iga kümnes töötaja ei sobi finantssektorisse	https://majandus24.postimees.ee/6869981/inspektsioon-iga-kumnes-tootaja-ei-sobi-finantssektorisse
Bolt hoidub klientidega suhtlemisest	https://tehnika.postimees.ee/6869960/bolt-hoidub-klientidega-suhtlemisest
Sõõrumaa oli heldeim erakondadele annetaja	https://majandus24.postimees.ee/6869955/soorumaa-oli-heldeim-erakondadele-annetaja
USA rannavalve kopterid on sel aastal uppuvatelt laevadelt päästnud 5 inimest	https://majandus24.postimees.ee/6869917/usa-rannavalve-kopterid-on-sel-aastal-uppuvatelt-laevadelt-paastnud-5-inimest
TS laevade reisijate arv purustas rekordi	https://majandus24.postimees.ee/6869929/ts-laevade-reisijate-arv-purustas-rekordi
Börsifirma sirm ehk vabandus vaikida	https://majandus24.postimees.ee/6869896/borsifirma-sirm-ehk-vabandus-vaikida
Uut panka silmapiiril ei terenda	https://majandus24.postimees.ee/6869824/uut-panka-silmapiiril-ei-terenda
Kütuseturu raputaja	https://leht.postimees.ee/6869794/kutuseturu-raputaja
Bondilik pageja	https://leht.postimees.ee/6869793/bondilik-pageja
Nord Stream 2 lükkub määramatusse tulevikku	https://leht.postimees.ee/6869744/nord-stream-2-lukkub-maaramatusse-tulevikku
Investor Mari parim aasta	https://leht.postimees.ee/6869709/investor-mari-parim-aasta
Rohkem nagu Johnny Deere. Väiketraktoriga Männiku düünides nagu Dakari rallil	https://leht.postimees.ee/6867801/rohkem-nagu-johnny-deere-vaiketraktoriga-manniku-duunides-nagu-dakari-rallil
MTA sõnul vajaks ettevõtjate maksumoraal tõstmist	https://www.postimees.ee/6869581/mta-sonul-vajaks-ettevotjate-maksumoraal-tostmist
Kurikuulus endine Tallinna abilinnapea sipleb suurtes võlgades	https://majandus24.postimees.ee/6869580/kurikuulus-endine-tallinna-abilinnapea-sipleb-suurtes-volgades
Geograafiaseltsi president: käpardliku asjaajamisega võime Rail Balticust ilma jääda	https://majandus24.postimees.ee/6869552/geograafiaseltsi-president-kapardliku-asjaajamisega-voime-rail-balticust-ilma-jaada
Soome lennujaamadest lennatakse aina enam, ka Eestisse	https://tarbija24.postimees.ee/6869455/soome-lennujaamadest-lennatakse-aina-enam-ka-eestisse
Rikke tõttu ei jõudnud 85 000 riigi ametlikku teadet inimesteni	https://tehnika.postimees.ee/6869462/rikke-tottu-ei-joudnud-85-000-riigi-ametlikku-teadet-inimesteni
Eesti Pank andis välja Jüri Jaaksonile pühendatud meenemündi	https://majandus24.postimees.ee/6869413/eesti-pank-andis-valja-juri-jaaksonile-puhendatud-meenemundi
Alexela: kütuseturul valitseb suur segadus	https://majandus24.postimees.ee/6869177/alexela-kutuseturul-valitseb-suur-segadus
Kurioosum: suurärimehe heldus tõmbas palgarallile pidurit	https://majandus24.postimees.ee/6869272/kurioosum-suurarimehe-heldus-tombas-palgarallile-pidurit
Finantsinspektsioon hoiatab kolme investeerimisteenuseid osutava äriühingu eest	https://tarbija24.postimees.ee/6869149/finantsinspektsioon-hoiatab-kolme-investeerimisteenuseid-osutava-ariuhingu-eest
Hoiatus: pensionireformiga ujuvad pinnale petised	https://majandus24.postimees.ee/6869143/hoiatus-pensionireformiga-ujuvad-pinnale-petised
